"fecha","State","NOM"
1981-04-01,"ACT",-131
1981-07-01,"ACT",152
1981-10-01,"ACT",383
1982-01-01,"ACT",419
1982-04-01,"ACT",271
1982-07-01,"ACT",80
1982-10-01,"ACT",209
1983-01-01,"ACT",283
1983-04-01,"ACT",-31
1983-07-01,"ACT",199
1983-10-01,"ACT",120
1984-01-01,"ACT",346
1984-04-01,"ACT",10
1984-07-01,"ACT",193
1984-10-01,"ACT",-52
1985-01-01,"ACT",495
1985-04-01,"ACT",22
1985-07-01,"ACT",303
1985-10-01,"ACT",339
1986-01-01,"ACT",511
1986-04-01,"ACT",267
1986-07-01,"ACT",306
1986-10-01,"ACT",442
1987-01-01,"ACT",709
1987-04-01,"ACT",167
1987-07-01,"ACT",545
1987-10-01,"ACT",32
1988-01-01,"ACT",788
1988-04-01,"ACT",77
1988-07-01,"ACT",477
1988-10-01,"ACT",326
1989-01-01,"ACT",439
1989-04-01,"ACT",-162
1989-07-01,"ACT",211
1989-10-01,"ACT",258
1990-01-01,"ACT",577
1990-04-01,"ACT",-31
1990-07-01,"ACT",224
1990-10-01,"ACT",-228
1991-01-01,"ACT",576
1991-04-01,"ACT",-145
1991-07-01,"ACT",110
1991-10-01,"ACT",-204
1992-01-01,"ACT",384
1992-04-01,"ACT",-262
1992-07-01,"ACT",-38
1992-10-01,"ACT",-321
1993-01-01,"ACT",246
1993-04-01,"ACT",-490
1993-07-01,"ACT",97
1993-10-01,"ACT",-445
1994-01-01,"ACT",170
1994-04-01,"ACT",-240
1994-07-01,"ACT",216
1994-10-01,"ACT",-618
1995-01-01,"ACT",437
1995-04-01,"ACT",95
1995-07-01,"ACT",193
1995-10-01,"ACT",53
1996-01-01,"ACT",42
1996-04-01,"ACT",102
1996-07-01,"ACT",179
1996-10-01,"ACT",-190
1997-01-01,"ACT",132
1997-04-01,"ACT",-191
1997-07-01,"ACT",-79
1997-10-01,"ACT",-247
1998-01-01,"ACT",360
1998-04-01,"ACT",-276
1998-07-01,"ACT",-161
1998-10-01,"ACT",44
1999-01-01,"ACT",239
1999-04-01,"ACT",-347
1999-07-01,"ACT",-115
1999-10-01,"ACT",-264
2000-01-01,"ACT",304
2000-04-01,"ACT",-24
2000-07-01,"ACT",204
2000-10-01,"ACT",-133
2001-01-01,"ACT",611
2001-04-01,"ACT",37
2001-07-01,"ACT",111
2001-10-01,"ACT",76
2002-01-01,"ACT",443
2002-04-01,"ACT",68
2002-07-01,"ACT",242
2002-10-01,"ACT",21
2003-01-01,"ACT",630
2003-04-01,"ACT",-8
2003-07-01,"ACT",49
2003-10-01,"ACT",58
2004-01-01,"ACT",408
2004-04-01,"ACT",-59
2004-07-01,"ACT",131
2004-10-01,"ACT",-179
2005-01-01,"ACT",584
2005-04-01,"ACT",-50
2005-07-01,"ACT",69
2005-10-01,"ACT",71
2006-01-01,"ACT",413
2006-04-01,"ACT",-52
2006-07-01,"ACT",363
2006-10-01,"ACT",307
2007-01-01,"ACT",913
2007-04-01,"ACT",353
2007-07-01,"ACT",407
2007-10-01,"ACT",204
2008-01-01,"ACT",1260
2008-04-01,"ACT",647
2008-07-01,"ACT",883
2008-10-01,"ACT",535
2009-01-01,"ACT",1572
2009-04-01,"ACT",618
2009-07-01,"ACT",980
2009-10-01,"ACT",498
2010-01-01,"ACT",1282
2010-04-01,"ACT",325
2010-07-01,"ACT",336
2010-10-01,"ACT",58
2011-01-01,"ACT",1033
2011-04-01,"ACT",311
2011-07-01,"ACT",962
2011-10-01,"ACT",745
2012-01-01,"ACT",1716
2012-04-01,"ACT",596
2012-07-01,"ACT",946
2012-10-01,"ACT",297
2013-01-01,"ACT",1307
2013-04-01,"ACT",365
2013-07-01,"ACT",804
2013-10-01,"ACT",172
2014-01-01,"ACT",1463
2014-04-01,"ACT",276
2014-07-01,"ACT",1144
2014-10-01,"ACT",330
2015-01-01,"ACT",1555
2015-04-01,"ACT",467
2015-07-01,"ACT",952
2015-10-01,"ACT",296
2016-01-01,"ACT",1643
2016-04-01,"ACT",439
2016-07-01,"ACT",1322
2016-10-01,"ACT",443
2017-01-01,"ACT",1930
2017-04-01,"ACT",453
2017-07-01,"ACT",1629
2017-10-01,"ACT",336
2018-01-01,"ACT",1941
2018-04-01,"ACT",692
2018-07-01,"ACT",1259
2018-10-01,"ACT",-76
2019-01-01,"ACT",1399
2019-04-01,"ACT",227
2019-07-01,"ACT",1030
2019-10-01,"ACT",-423
2020-01-01,"ACT",1579
2020-04-01,"ACT",49
2020-07-01,"ACT",-990
2020-10-01,"ACT",-1109
2021-01-01,"ACT",-591
2021-04-01,"ACT",-450
2021-07-01,"ACT",-637
2021-10-01,"ACT",909
2022-01-01,"ACT",2129
2022-04-01,"ACT",985
2022-07-01,"ACT",2398
2022-10-01,"ACT",1498
2023-01-01,"ACT",3101
2023-04-01,"ACT",1544
2023-07-01,"ACT",2649
1981-04-01,"NSW",9281
1981-07-01,"NSW",13284
1981-10-01,"NSW",13295
1982-01-01,"NSW",12477
1982-04-01,"NSW",10337
1982-07-01,"NSW",9593
1982-10-01,"NSW",6138
1983-01-01,"NSW",6483
1983-04-01,"NSW",3526
1983-07-01,"NSW",5174
1983-10-01,"NSW",4901
1984-01-01,"NSW",4748
1984-04-01,"NSW",5875
1984-07-01,"NSW",7967
1984-10-01,"NSW",7376
1985-01-01,"NSW",9033
1985-04-01,"NSW",6903
1985-07-01,"NSW",9472
1985-10-01,"NSW",11725
1986-01-01,"NSW",10523
1986-04-01,"NSW",9202
1986-07-01,"NSW",12290
1986-10-01,"NSW",12826
1987-01-01,"NSW",14819
1987-04-01,"NSW",12758
1987-07-01,"NSW",15572
1987-10-01,"NSW",15170
1988-01-01,"NSW",18575
1988-04-01,"NSW",12173
1988-07-01,"NSW",21495
1988-10-01,"NSW",16998
1989-01-01,"NSW",16594
1989-04-01,"NSW",7549
1989-07-01,"NSW",14092
1989-10-01,"NSW",14459
1990-01-01,"NSW",13847
1990-04-01,"NSW",9801
1990-07-01,"NSW",10649
1990-10-01,"NSW",7053
1991-01-01,"NSW",12878
1991-04-01,"NSW",5916
1991-07-01,"NSW",11509
1991-10-01,"NSW",4838
1992-01-01,"NSW",11443
1992-04-01,"NSW",3388
1992-07-01,"NSW",6423
1992-10-01,"NSW",1890
1993-01-01,"NSW",6812
1993-04-01,"NSW",-2497
1993-07-01,"NSW",8122
1993-10-01,"NSW",3199
1994-01-01,"NSW",8097
1994-04-01,"NSW",2511
1994-07-01,"NSW",12369
1994-10-01,"NSW",2602
1995-01-01,"NSW",9776
1995-04-01,"NSW",11205
1995-07-01,"NSW",12797
1995-10-01,"NSW",14384
1996-01-01,"NSW",11172
1996-04-01,"NSW",9692
1996-07-01,"NSW",13982
1996-10-01,"NSW",9484
1997-01-01,"NSW",11134
1997-04-01,"NSW",2691
1997-07-01,"NSW",9222
1997-10-01,"NSW",6668
1998-01-01,"NSW",12292
1998-04-01,"NSW",3661
1998-07-01,"NSW",11777
1998-10-01,"NSW",7498
1999-01-01,"NSW",13771
1999-04-01,"NSW",8042
1999-07-01,"NSW",11258
1999-10-01,"NSW",10763
2000-01-01,"NSW",14023
2000-04-01,"NSW",7645
2000-07-01,"NSW",13329
2000-10-01,"NSW",12348
2001-01-01,"NSW",22036
2001-04-01,"NSW",10906
2001-07-01,"NSW",11376
2001-10-01,"NSW",12872
2002-01-01,"NSW",14230
2002-04-01,"NSW",5933
2002-07-01,"NSW",10844
2002-10-01,"NSW",9885
2003-01-01,"NSW",15031
2003-04-01,"NSW",5159
2003-07-01,"NSW",7722
2003-10-01,"NSW",7481
2004-01-01,"NSW",11640
2004-04-01,"NSW",2977
2004-07-01,"NSW",9151
2004-10-01,"NSW",7901
2005-01-01,"NSW",13768
2005-04-01,"NSW",4385
2005-07-01,"NSW",10786
2005-10-01,"NSW",8641
2006-01-01,"NSW",15160
2006-04-01,"NSW",3936
2006-07-01,"NSW",18905
2006-10-01,"NSW",17010
2007-01-01,"NSW",23022
2007-04-01,"NSW",14633
2007-07-01,"NSW",20903
2007-10-01,"NSW",18339
2008-01-01,"NSW",29416
2008-04-01,"NSW",18731
2008-07-01,"NSW",25036
2008-10-01,"NSW",23244
2009-01-01,"NSW",23899
2009-04-01,"NSW",14564
2009-07-01,"NSW",17707
2009-10-01,"NSW",13994
2010-01-01,"NSW",17556
2010-04-01,"NSW",7895
2010-07-01,"NSW",11970
2010-10-01,"NSW",12623
2011-01-01,"NSW",17961
2011-04-01,"NSW",9121
2011-07-01,"NSW",14098
2011-10-01,"NSW",12985
2012-01-01,"NSW",17902
2012-04-01,"NSW",12241
2012-07-01,"NSW",16536
2012-10-01,"NSW",16456
2013-01-01,"NSW",20704
2013-04-01,"NSW",13067
2013-07-01,"NSW",18629
2013-10-01,"NSW",15183
2014-01-01,"NSW",21805
2014-04-01,"NSW",11375
2014-07-01,"NSW",19303
2014-10-01,"NSW",15869
2015-01-01,"NSW",22897
2015-04-01,"NSW",12240
2015-07-01,"NSW",20471
2015-10-01,"NSW",17230
2016-01-01,"NSW",26055
2016-04-01,"NSW",16251
2016-07-01,"NSW",30126
2016-10-01,"NSW",23770
2017-01-01,"NSW",33051
2017-04-01,"NSW",18555
2017-07-01,"NSW",28130
2017-10-01,"NSW",15192
2018-01-01,"NSW",30281
2018-04-01,"NSW",17047
2018-07-01,"NSW",27542
2018-10-01,"NSW",18016
2019-01-01,"NSW",26960
2019-04-01,"NSW",12025
2019-07-01,"NSW",23289
2019-10-01,"NSW",17010
2020-01-01,"NSW",21509
2020-04-01,"NSW",-3945
2020-07-01,"NSW",-10075
2020-10-01,"NSW",-487
2021-01-01,"NSW",-806
2021-04-01,"NSW",4132
2021-07-01,"NSW",-6185
2021-10-01,"NSW",14754
2022-01-01,"NSW",35866
2022-04-01,"NSW",24677
2022-07-01,"NSW",42609
2022-10-01,"NSW",41715
2023-01-01,"NSW",51073
2023-04-01,"NSW",41743
2023-07-01,"NSW",51902
1981-04-01,"NT",400
1981-07-01,"NT",279
1981-10-01,"NT",416
1982-01-01,"NT",215
1982-04-01,"NT",273
1982-07-01,"NT",93
1982-10-01,"NT",22
1983-01-01,"NT",244
1983-04-01,"NT",123
1983-07-01,"NT",432
1983-10-01,"NT",16
1984-01-01,"NT",87
1984-04-01,"NT",297
1984-07-01,"NT",242
1984-10-01,"NT",140
1985-01-01,"NT",350
1985-04-01,"NT",324
1985-07-01,"NT",386
1985-10-01,"NT",225
1986-01-01,"NT",267
1986-04-01,"NT",327
1986-07-01,"NT",278
1986-10-01,"NT",185
1987-01-01,"NT",315
1987-04-01,"NT",244
1987-07-01,"NT",330
1987-10-01,"NT",98
1988-01-01,"NT",356
1988-04-01,"NT",243
1988-07-01,"NT",316
1988-10-01,"NT",168
1989-01-01,"NT",382
1989-04-01,"NT",78
1989-07-01,"NT",266
1989-10-01,"NT",106
1990-01-01,"NT",280
1990-04-01,"NT",266
1990-07-01,"NT",268
1990-10-01,"NT",28
1991-01-01,"NT",215
1991-04-01,"NT",110
1991-07-01,"NT",210
1991-10-01,"NT",-130
1992-01-01,"NT",160
1992-04-01,"NT",-76
1992-07-01,"NT",81
1992-10-01,"NT",-86
1993-01-01,"NT",100
1993-04-01,"NT",-51
1993-07-01,"NT",116
1993-10-01,"NT",-57
1994-01-01,"NT",78
1994-04-01,"NT",58
1994-07-01,"NT",265
1994-10-01,"NT",-86
1995-01-01,"NT",117
1995-04-01,"NT",171
1995-07-01,"NT",238
1995-10-01,"NT",146
1996-01-01,"NT",61
1996-04-01,"NT",124
1996-07-01,"NT",321
1996-10-01,"NT",67
1997-01-01,"NT",125
1997-04-01,"NT",28
1997-07-01,"NT",262
1997-10-01,"NT",-2
1998-01-01,"NT",191
1998-04-01,"NT",109
1998-07-01,"NT",167
1998-10-01,"NT",374
1999-01-01,"NT",218
1999-04-01,"NT",247
1999-07-01,"NT",429
1999-10-01,"NT",173
2000-01-01,"NT",178
2000-04-01,"NT",162
2000-07-01,"NT",279
2000-10-01,"NT",81
2001-01-01,"NT",240
2001-04-01,"NT",278
2001-07-01,"NT",217
2001-10-01,"NT",61
2002-01-01,"NT",296
2002-04-01,"NT",81
2002-07-01,"NT",192
2002-10-01,"NT",-161
2003-01-01,"NT",-13
2003-04-01,"NT",307
2003-07-01,"NT",266
2003-10-01,"NT",4
2004-01-01,"NT",226
2004-04-01,"NT",152
2004-07-01,"NT",464
2004-10-01,"NT",80
2005-01-01,"NT",272
2005-04-01,"NT",188
2005-07-01,"NT",365
2005-10-01,"NT",262
2006-01-01,"NT",768
2006-04-01,"NT",496
2006-07-01,"NT",231
2006-10-01,"NT",25
2007-01-01,"NT",477
2007-04-01,"NT",420
2007-07-01,"NT",266
2007-10-01,"NT",214
2008-01-01,"NT",483
2008-04-01,"NT",660
2008-07-01,"NT",505
2008-10-01,"NT",322
2009-01-01,"NT",447
2009-04-01,"NT",825
2009-07-01,"NT",374
2009-10-01,"NT",44
2010-01-01,"NT",339
2010-04-01,"NT",474
2010-07-01,"NT",247
2010-10-01,"NT",27
2011-01-01,"NT",271
2011-04-01,"NT",555
2011-07-01,"NT",781
2011-10-01,"NT",462
2012-01-01,"NT",1119
2012-04-01,"NT",964
2012-07-01,"NT",1097
2012-10-01,"NT",939
2013-01-01,"NT",1169
2013-04-01,"NT",1149
2013-07-01,"NT",425
2013-10-01,"NT",450
2014-01-01,"NT",645
2014-04-01,"NT",232
2014-07-01,"NT",236
2014-10-01,"NT",28
2015-01-01,"NT",715
2015-04-01,"NT",1375
2015-07-01,"NT",-284
2015-10-01,"NT",-262
2016-01-01,"NT",615
2016-04-01,"NT",979
2016-07-01,"NT",560
2016-10-01,"NT",-67
2017-01-01,"NT",434
2017-04-01,"NT",918
2017-07-01,"NT",100
2017-10-01,"NT",-210
2018-01-01,"NT",317
2018-04-01,"NT",551
2018-07-01,"NT",51
2018-10-01,"NT",-363
2019-01-01,"NT",553
2019-04-01,"NT",691
2019-07-01,"NT",4
2019-10-01,"NT",-257
2020-01-01,"NT",598
2020-04-01,"NT",-56
2020-07-01,"NT",-213
2020-10-01,"NT",-268
2021-01-01,"NT",43
2021-04-01,"NT",16
2021-07-01,"NT",512
2021-10-01,"NT",146
2022-01-01,"NT",1070
2022-04-01,"NT",607
2022-07-01,"NT",481
2022-10-01,"NT",461
2023-01-01,"NT",1235
2023-04-01,"NT",1214
2023-07-01,"NT",279
1981-04-01,"QLD",4630
1981-07-01,"QLD",4541
1981-10-01,"QLD",4514
1982-01-01,"QLD",4008
1982-04-01,"QLD",4502
1982-07-01,"QLD",4244
1982-10-01,"QLD",1412
1983-01-01,"QLD",1876
1983-04-01,"QLD",1089
1983-07-01,"QLD",1187
1983-10-01,"QLD",426
1984-01-01,"QLD",391
1984-04-01,"QLD",1263
1984-07-01,"QLD",2196
1984-10-01,"QLD",1241
1985-01-01,"QLD",2081
1985-04-01,"QLD",2147
1985-07-01,"QLD",2639
1985-10-01,"QLD",2892
1986-01-01,"QLD",2733
1986-04-01,"QLD",3118
1986-07-01,"QLD",3418
1986-10-01,"QLD",3250
1987-01-01,"QLD",3066
1987-04-01,"QLD",3437
1987-07-01,"QLD",4387
1987-10-01,"QLD",4459
1988-01-01,"QLD",6643
1988-04-01,"QLD",4953
1988-07-01,"QLD",7507
1988-10-01,"QLD",5861
1989-01-01,"QLD",5637
1989-04-01,"QLD",2771
1989-07-01,"QLD",4024
1989-10-01,"QLD",3434
1990-01-01,"QLD",3037
1990-04-01,"QLD",2647
1990-07-01,"QLD",2596
1990-10-01,"QLD",990
1991-01-01,"QLD",4082
1991-04-01,"QLD",2075
1991-07-01,"QLD",3210
1991-10-01,"QLD",812
1992-01-01,"QLD",3291
1992-04-01,"QLD",937
1992-07-01,"QLD",2169
1992-10-01,"QLD",-113
1993-01-01,"QLD",2476
1993-04-01,"QLD",-813
1993-07-01,"QLD",2385
1993-10-01,"QLD",118
1994-01-01,"QLD",2279
1994-04-01,"QLD",459
1994-07-01,"QLD",4131
1994-10-01,"QLD",-160
1995-01-01,"QLD",3049
1995-04-01,"QLD",3560
1995-07-01,"QLD",4134
1995-10-01,"QLD",2967
1996-01-01,"QLD",2902
1996-04-01,"QLD",3048
1996-07-01,"QLD",4814
1996-10-01,"QLD",1946
1997-01-01,"QLD",4506
1997-04-01,"QLD",1354
1997-07-01,"QLD",4116
1997-10-01,"QLD",1831
1998-01-01,"QLD",4901
1998-04-01,"QLD",1642
1998-07-01,"QLD",3479
1998-10-01,"QLD",2460
1999-01-01,"QLD",5535
1999-04-01,"QLD",2236
1999-07-01,"QLD",3903
1999-10-01,"QLD",5497
2000-01-01,"QLD",5258
2000-04-01,"QLD",2856
2000-07-01,"QLD",4421
2000-10-01,"QLD",3382
2001-01-01,"QLD",8873
2001-04-01,"QLD",4327
2001-07-01,"QLD",7832
2001-10-01,"QLD",6491
2002-01-01,"QLD",6960
2002-04-01,"QLD",5205
2002-07-01,"QLD",8777
2002-10-01,"QLD",6991
2003-01-01,"QLD",7697
2003-04-01,"QLD",3657
2003-07-01,"QLD",6959
2003-10-01,"QLD",6747
2004-01-01,"QLD",7782
2004-04-01,"QLD",3911
2004-07-01,"QLD",6152
2004-10-01,"QLD",7909
2005-01-01,"QLD",9265
2005-04-01,"QLD",6229
2005-07-01,"QLD",8406
2005-10-01,"QLD",8277
2006-01-01,"QLD",10077
2006-04-01,"QLD",6192
2006-07-01,"QLD",10814
2006-10-01,"QLD",9170
2007-01-01,"QLD",14047
2007-04-01,"QLD",12114
2007-07-01,"QLD",10750
2007-10-01,"QLD",10770
2008-01-01,"QLD",17953
2008-04-01,"QLD",14434
2008-07-01,"QLD",15873
2008-10-01,"QLD",14580
2009-01-01,"QLD",17643
2009-04-01,"QLD",11223
2009-07-01,"QLD",11200
2009-10-01,"QLD",7259
2010-01-01,"QLD",10638
2010-04-01,"QLD",6723
2010-07-01,"QLD",7541
2010-10-01,"QLD",6768
2011-01-01,"QLD",11386
2011-04-01,"QLD",8934
2011-07-01,"QLD",11226
2011-10-01,"QLD",9376
2012-01-01,"QLD",14157
2012-04-01,"QLD",11779
2012-07-01,"QLD",12846
2012-10-01,"QLD",8482
2013-01-01,"QLD",12250
2013-04-01,"QLD",8253
2013-07-01,"QLD",8257
2013-10-01,"QLD",4702
2014-01-01,"QLD",9754
2014-04-01,"QLD",4504
2014-07-01,"QLD",5740
2014-10-01,"QLD",3035
2015-01-01,"QLD",7978
2015-04-01,"QLD",3681
2015-07-01,"QLD",4594
2015-10-01,"QLD",3227
2016-01-01,"QLD",9874
2016-04-01,"QLD",7257
2016-07-01,"QLD",9353
2016-10-01,"QLD",5943
2017-01-01,"QLD",11370
2017-04-01,"QLD",7409
2017-07-01,"QLD",7040
2017-10-01,"QLD",1818
2018-01-01,"QLD",11337
2018-04-01,"QLD",7546
2018-07-01,"QLD",9596
2018-10-01,"QLD",5258
2019-01-01,"QLD",11294
2019-04-01,"QLD",5601
2019-07-01,"QLD",10440
2019-10-01,"QLD",6580
2020-01-01,"QLD",12468
2020-04-01,"QLD",-1514
2020-07-01,"QLD",-6781
2020-10-01,"QLD",-5172
2021-01-01,"QLD",-1701
2021-04-01,"QLD",808
2021-07-01,"QLD",-1486
2021-10-01,"QLD",1593
2022-01-01,"QLD",15934
2022-04-01,"QLD",13581
2022-07-01,"QLD",18994
2022-10-01,"QLD",18322
2023-01-01,"QLD",25369
2023-04-01,"QLD",22317
2023-07-01,"QLD",21946
1981-04-01,"SA",1301
1981-07-01,"SA",2279
1981-10-01,"SA",2692
1982-01-01,"SA",1844
1982-04-01,"SA",1705
1982-07-01,"SA",1950
1982-10-01,"SA",1568
1983-01-01,"SA",1783
1983-04-01,"SA",1116
1983-07-01,"SA",1253
1983-10-01,"SA",1032
1984-01-01,"SA",829
1984-04-01,"SA",855
1984-07-01,"SA",948
1984-10-01,"SA",1320
1985-01-01,"SA",1118
1985-04-01,"SA",943
1985-07-01,"SA",1272
1985-10-01,"SA",1414
1986-01-01,"SA",1201
1986-04-01,"SA",1197
1986-07-01,"SA",1560
1986-10-01,"SA",2005
1987-01-01,"SA",1430
1987-04-01,"SA",1205
1987-07-01,"SA",1464
1987-10-01,"SA",1446
1988-01-01,"SA",1841
1988-04-01,"SA",1201
1988-07-01,"SA",2589
1988-10-01,"SA",1533
1989-01-01,"SA",1708
1989-04-01,"SA",835
1989-07-01,"SA",1506
1989-10-01,"SA",1749
1990-01-01,"SA",1540
1990-04-01,"SA",967
1990-07-01,"SA",1168
1990-10-01,"SA",1016
1991-01-01,"SA",1540
1991-04-01,"SA",895
1991-07-01,"SA",1103
1991-10-01,"SA",477
1992-01-01,"SA",1127
1992-04-01,"SA",190
1992-07-01,"SA",634
1992-10-01,"SA",184
1993-01-01,"SA",945
1993-04-01,"SA",-217
1993-07-01,"SA",937
1993-10-01,"SA",163
1994-01-01,"SA",899
1994-04-01,"SA",-5
1994-07-01,"SA",937
1994-10-01,"SA",38
1995-01-01,"SA",943
1995-04-01,"SA",965
1995-07-01,"SA",1024
1995-10-01,"SA",980
1996-01-01,"SA",896
1996-04-01,"SA",753
1996-07-01,"SA",1069
1996-10-01,"SA",758
1997-01-01,"SA",1143
1997-04-01,"SA",136
1997-07-01,"SA",813
1997-10-01,"SA",758
1998-01-01,"SA",1382
1998-04-01,"SA",207
1998-07-01,"SA",209
1998-10-01,"SA",1330
1999-01-01,"SA",1000
1999-04-01,"SA",143
1999-07-01,"SA",1018
1999-10-01,"SA",1528
2000-01-01,"SA",1213
2000-04-01,"SA",70
2000-07-01,"SA",877
2000-10-01,"SA",566
2001-01-01,"SA",1276
2001-04-01,"SA",46
2001-07-01,"SA",520
2001-10-01,"SA",1468
2002-01-01,"SA",499
2002-04-01,"SA",311
2002-07-01,"SA",706
2002-10-01,"SA",1153
2003-01-01,"SA",1486
2003-04-01,"SA",559
2003-07-01,"SA",982
2003-10-01,"SA",1217
2004-01-01,"SA",1480
2004-04-01,"SA",626
2004-07-01,"SA",1483
2004-10-01,"SA",1482
2005-01-01,"SA",3138
2005-04-01,"SA",917
2005-07-01,"SA",2550
2005-10-01,"SA",2130
2006-01-01,"SA",3432
2006-04-01,"SA",1701
2006-07-01,"SA",3703
2006-10-01,"SA",3475
2007-01-01,"SA",4820
2007-04-01,"SA",2635
2007-07-01,"SA",3345
2007-10-01,"SA",3029
2008-01-01,"SA",5236
2008-04-01,"SA",3717
2008-07-01,"SA",4709
2008-10-01,"SA",3955
2009-01-01,"SA",5563
2009-04-01,"SA",3778
2009-07-01,"SA",4605
2009-10-01,"SA",3227
2010-01-01,"SA",4355
2010-04-01,"SA",2350
2010-07-01,"SA",2512
2010-10-01,"SA",1677
2011-01-01,"SA",2932
2011-04-01,"SA",2047
2011-07-01,"SA",2771
2011-10-01,"SA",2682
2012-01-01,"SA",4271
2012-04-01,"SA",2634
2012-07-01,"SA",2861
2012-10-01,"SA",2108
2013-01-01,"SA",3986
2013-04-01,"SA",2723
2013-07-01,"SA",3156
2013-10-01,"SA",2269
2014-01-01,"SA",4061
2014-04-01,"SA",2154
2014-07-01,"SA",2573
2014-10-01,"SA",2186
2015-01-01,"SA",4297
2015-04-01,"SA",2096
2015-07-01,"SA",2709
2015-10-01,"SA",2149
2016-01-01,"SA",3898
2016-04-01,"SA",2527
2016-07-01,"SA",3418
2016-10-01,"SA",2264
2017-01-01,"SA",4219
2017-04-01,"SA",2274
2017-07-01,"SA",3571
2017-10-01,"SA",2039
2018-01-01,"SA",4715
2018-04-01,"SA",2399
2018-07-01,"SA",4319
2018-10-01,"SA",2531
2019-01-01,"SA",5171
2019-04-01,"SA",3120
2019-07-01,"SA",5081
2019-10-01,"SA",3271
2020-01-01,"SA",6557
2020-04-01,"SA",29
2020-07-01,"SA",-1243
2020-10-01,"SA",-1287
2021-01-01,"SA",-763
2021-04-01,"SA",454
2021-07-01,"SA",-463
2021-10-01,"SA",1886
2022-01-01,"SA",8017
2022-04-01,"SA",4882
2022-07-01,"SA",7239
2022-10-01,"SA",5824
2023-01-01,"SA",9194
2023-04-01,"SA",6178
2023-07-01,"SA",7391
1981-04-01,"TAS",194
1981-07-01,"TAS",268
1981-10-01,"TAS",302
1982-01-01,"TAS",207
1982-04-01,"TAS",153
1982-07-01,"TAS",185
1982-10-01,"TAS",216
1983-01-01,"TAS",188
1983-04-01,"TAS",22
1983-07-01,"TAS",128
1983-10-01,"TAS",271
1984-01-01,"TAS",131
1984-04-01,"TAS",129
1984-07-01,"TAS",201
1984-10-01,"TAS",243
1985-01-01,"TAS",187
1985-04-01,"TAS",138
1985-07-01,"TAS",179
1985-10-01,"TAS",222
1986-01-01,"TAS",341
1986-04-01,"TAS",148
1986-07-01,"TAS",208
1986-10-01,"TAS",309
1987-01-01,"TAS",190
1987-04-01,"TAS",163
1987-07-01,"TAS",291
1987-10-01,"TAS",206
1988-01-01,"TAS",335
1988-04-01,"TAS",59
1988-07-01,"TAS",284
1988-10-01,"TAS",184
1989-01-01,"TAS",264
1989-04-01,"TAS",24
1989-07-01,"TAS",159
1989-10-01,"TAS",309
1990-01-01,"TAS",238
1990-04-01,"TAS",54
1990-07-01,"TAS",116
1990-10-01,"TAS",59
1991-01-01,"TAS",272
1991-04-01,"TAS",-39
1991-07-01,"TAS",51
1991-10-01,"TAS",2
1992-01-01,"TAS",60
1992-04-01,"TAS",-77
1992-07-01,"TAS",95
1992-10-01,"TAS",-38
1993-01-01,"TAS",182
1993-04-01,"TAS",-136
1993-07-01,"TAS",99
1993-10-01,"TAS",-26
1994-01-01,"TAS",118
1994-04-01,"TAS",1
1994-07-01,"TAS",175
1994-10-01,"TAS",-82
1995-01-01,"TAS",190
1995-04-01,"TAS",27
1995-07-01,"TAS",143
1995-10-01,"TAS",46
1996-01-01,"TAS",115
1996-04-01,"TAS",94
1996-07-01,"TAS",164
1996-10-01,"TAS",82
1997-01-01,"TAS",32
1997-04-01,"TAS",-24
1997-07-01,"TAS",-20
1997-10-01,"TAS",9
1998-01-01,"TAS",88
1998-04-01,"TAS",-38
1998-07-01,"TAS",120
1998-10-01,"TAS",343
1999-01-01,"TAS",-98
1999-04-01,"TAS",-194
1999-07-01,"TAS",179
1999-10-01,"TAS",228
2000-01-01,"TAS",84
2000-04-01,"TAS",-56
2000-07-01,"TAS",-48
2000-10-01,"TAS",12
2001-01-01,"TAS",129
2001-04-01,"TAS",8
2001-07-01,"TAS",-29
2001-10-01,"TAS",421
2002-01-01,"TAS",65
2002-04-01,"TAS",-150
2002-07-01,"TAS",40
2002-10-01,"TAS",570
2003-01-01,"TAS",349
2003-04-01,"TAS",55
2003-07-01,"TAS",162
2003-10-01,"TAS",294
2004-01-01,"TAS",205
2004-04-01,"TAS",39
2004-07-01,"TAS",243
2004-10-01,"TAS",440
2005-01-01,"TAS",430
2005-04-01,"TAS",-68
2005-07-01,"TAS",217
2005-10-01,"TAS",463
2006-01-01,"TAS",383
2006-04-01,"TAS",103
2006-07-01,"TAS",392
2006-10-01,"TAS",406
2007-01-01,"TAS",447
2007-04-01,"TAS",192
2007-07-01,"TAS",422
2007-10-01,"TAS",408
2008-01-01,"TAS",734
2008-04-01,"TAS",271
2008-07-01,"TAS",597
2008-10-01,"TAS",487
2009-01-01,"TAS",733
2009-04-01,"TAS",310
2009-07-01,"TAS",473
2009-10-01,"TAS",410
2010-01-01,"TAS",694
2010-04-01,"TAS",102
2010-07-01,"TAS",222
2010-10-01,"TAS",212
2011-01-01,"TAS",486
2011-04-01,"TAS",73
2011-07-01,"TAS",392
2011-10-01,"TAS",296
2012-01-01,"TAS",623
2012-04-01,"TAS",213
2012-07-01,"TAS",307
2012-10-01,"TAS",439
2013-01-01,"TAS",564
2013-04-01,"TAS",304
2013-07-01,"TAS",516
2013-10-01,"TAS",407
2014-01-01,"TAS",589
2014-04-01,"TAS",289
2014-07-01,"TAS",376
2014-10-01,"TAS",471
2015-01-01,"TAS",601
2015-04-01,"TAS",75
2015-07-01,"TAS",486
2015-10-01,"TAS",251
2016-01-01,"TAS",771
2016-04-01,"TAS",263
2016-07-01,"TAS",554
2016-10-01,"TAS",689
2017-01-01,"TAS",828
2017-04-01,"TAS",273
2017-07-01,"TAS",987
2017-10-01,"TAS",483
2018-01-01,"TAS",815
2018-04-01,"TAS",518
2018-07-01,"TAS",1129
2018-10-01,"TAS",703
2019-01-01,"TAS",1026
2019-04-01,"TAS",327
2019-07-01,"TAS",841
2019-10-01,"TAS",1773
2020-01-01,"TAS",1061
2020-04-01,"TAS",-37
2020-07-01,"TAS",-283
2020-10-01,"TAS",-113
2021-01-01,"TAS",133
2021-04-01,"TAS",-57
2021-07-01,"TAS",134
2021-10-01,"TAS",1232
2022-01-01,"TAS",1229
2022-04-01,"TAS",759
2022-07-01,"TAS",833
2022-10-01,"TAS",1371
2023-01-01,"TAS",1312
2023-04-01,"TAS",892
2023-07-01,"TAS",825
1981-04-01,"VIC",5533
1981-07-01,"VIC",8237
1981-10-01,"VIC",8505
1982-01-01,"VIC",7606
1982-04-01,"VIC",6796
1982-07-01,"VIC",6164
1982-10-01,"VIC",4394
1983-01-01,"VIC",5952
1983-04-01,"VIC",3164
1983-07-01,"VIC",3664
1983-10-01,"VIC",3525
1984-01-01,"VIC",3623
1984-04-01,"VIC",3918
1984-07-01,"VIC",5051
1984-10-01,"VIC",5112
1985-01-01,"VIC",6233
1985-04-01,"VIC",3762
1985-07-01,"VIC",6503
1985-10-01,"VIC",7440
1986-01-01,"VIC",6925
1986-04-01,"VIC",5552
1986-07-01,"VIC",7321
1986-10-01,"VIC",8440
1987-01-01,"VIC",9715
1987-04-01,"VIC",7360
1987-07-01,"VIC",10088
1987-10-01,"VIC",8841
1988-01-01,"VIC",11808
1988-04-01,"VIC",6515
1988-07-01,"VIC",12862
1988-10-01,"VIC",10603
1989-01-01,"VIC",11191
1989-04-01,"VIC",4758
1989-07-01,"VIC",8958
1989-10-01,"VIC",9150
1990-01-01,"VIC",10226
1990-04-01,"VIC",5679
1990-07-01,"VIC",6884
1990-10-01,"VIC",4374
1991-01-01,"VIC",9336
1991-04-01,"VIC",2919
1991-07-01,"VIC",6637
1991-10-01,"VIC",2586
1992-01-01,"VIC",7741
1992-04-01,"VIC",1398
1992-07-01,"VIC",3914
1992-10-01,"VIC",935
1993-01-01,"VIC",4882
1993-04-01,"VIC",-1766
1993-07-01,"VIC",3824
1993-10-01,"VIC",1057
1994-01-01,"VIC",4946
1994-04-01,"VIC",871
1994-07-01,"VIC",6111
1994-10-01,"VIC",1405
1995-01-01,"VIC",6915
1995-04-01,"VIC",4864
1995-07-01,"VIC",6962
1995-10-01,"VIC",7435
1996-01-01,"VIC",6772
1996-04-01,"VIC",4523
1996-07-01,"VIC",7794
1996-10-01,"VIC",4343
1997-01-01,"VIC",7982
1997-04-01,"VIC",959
1997-07-01,"VIC",5593
1997-10-01,"VIC",2683
1998-01-01,"VIC",9464
1998-04-01,"VIC",1573
1998-07-01,"VIC",6753
1998-10-01,"VIC",5758
1999-01-01,"VIC",9803
1999-04-01,"VIC",2377
1999-07-01,"VIC",7544
1999-10-01,"VIC",5122
2000-01-01,"VIC",11255
2000-04-01,"VIC",3061
2000-07-01,"VIC",8744
2000-10-01,"VIC",6403
2001-01-01,"VIC",15900
2001-04-01,"VIC",4289
2001-07-01,"VIC",3759
2001-10-01,"VIC",5614
2002-01-01,"VIC",8917
2002-04-01,"VIC",1962
2002-07-01,"VIC",6144
2002-10-01,"VIC",6606
2003-01-01,"VIC",10691
2003-04-01,"VIC",3336
2003-07-01,"VIC",7107
2003-10-01,"VIC",5435
2004-01-01,"VIC",9740
2004-04-01,"VIC",2738
2004-07-01,"VIC",8892
2004-10-01,"VIC",6438
2005-01-01,"VIC",13482
2005-04-01,"VIC",3480
2005-07-01,"VIC",9955
2005-10-01,"VIC",8892
2006-01-01,"VIC",15469
2006-04-01,"VIC",5245
2006-07-01,"VIC",14853
2006-10-01,"VIC",13011
2007-01-01,"VIC",22045
2007-04-01,"VIC",12630
2007-07-01,"VIC",17509
2007-10-01,"VIC",14288
2008-01-01,"VIC",24930
2008-04-01,"VIC",16835
2008-07-01,"VIC",22776
2008-10-01,"VIC",18684
2009-01-01,"VIC",25867
2009-04-01,"VIC",16289
2009-07-01,"VIC",18998
2009-10-01,"VIC",10933
2010-01-01,"VIC",16227
2010-04-01,"VIC",7521
2010-07-01,"VIC",10269
2010-10-01,"VIC",9197
2011-01-01,"VIC",15683
2011-04-01,"VIC",9482
2011-07-01,"VIC",13291
2011-10-01,"VIC",12606
2012-01-01,"VIC",18396
2012-04-01,"VIC",11881
2012-07-01,"VIC",15665
2012-10-01,"VIC",12811
2013-01-01,"VIC",18901
2013-04-01,"VIC",11657
2013-07-01,"VIC",16143
2013-10-01,"VIC",11802
2014-01-01,"VIC",19573
2014-04-01,"VIC",9388
2014-07-01,"VIC",16879
2014-10-01,"VIC",12553
2015-01-01,"VIC",20105
2015-04-01,"VIC",11157
2015-07-01,"VIC",18147
2015-10-01,"VIC",14782
2016-01-01,"VIC",24794
2016-04-01,"VIC",14492
2016-07-01,"VIC",24517
2016-10-01,"VIC",19105
2017-01-01,"VIC",31795
2017-04-01,"VIC",15826
2017-07-01,"VIC",24565
2017-10-01,"VIC",14946
2018-01-01,"VIC",30962
2018-04-01,"VIC",16495
2018-07-01,"VIC",25574
2018-10-01,"VIC",16506
2019-01-01,"VIC",30510
2019-04-01,"VIC",12886
2019-07-01,"VIC",25930
2019-10-01,"VIC",15737
2020-01-01,"VIC",21407
2020-04-01,"VIC",-2477
2020-07-01,"VIC",-20667
2020-10-01,"VIC",-18680
2021-01-01,"VIC",-9881
2021-04-01,"VIC",-3831
2021-07-01,"VIC",-4938
2021-10-01,"VIC",13096
2022-01-01,"VIC",35382
2022-04-01,"VIC",22510
2022-07-01,"VIC",37567
2022-10-01,"VIC",37057
2023-01-01,"VIC",47981
2023-04-01,"VIC",34615
2023-07-01,"VIC",42105
1981-04-01,"WA",3776
1981-07-01,"WA",5101
1981-10-01,"WA",4375
1982-01-01,"WA",4600
1982-04-01,"WA",4081
1982-07-01,"WA",4584
1982-10-01,"WA",2362
1983-01-01,"WA",2405
1983-04-01,"WA",1858
1983-07-01,"WA",1607
1983-10-01,"WA",979
1984-01-01,"WA",862
1984-04-01,"WA",820
1984-07-01,"WA",1673
1984-10-01,"WA",1788
1985-01-01,"WA",2362
1985-04-01,"WA",1971
1985-07-01,"WA",2820
1985-10-01,"WA",3421
1986-01-01,"WA",3249
1986-04-01,"WA",3546
1986-07-01,"WA",4211
1986-10-01,"WA",4507
1987-01-01,"WA",4814
1987-04-01,"WA",3782
1987-07-01,"WA",4757
1987-10-01,"WA",4200
1988-01-01,"WA",6916
1988-04-01,"WA",4972
1988-07-01,"WA",8057
1988-10-01,"WA",6079
1989-01-01,"WA",6773
1989-04-01,"WA",3256
1989-07-01,"WA",4972
1989-10-01,"WA",3728
1990-01-01,"WA",4905
1990-04-01,"WA",3233
1990-07-01,"WA",2951
1990-10-01,"WA",1717
1991-01-01,"WA",4218
1991-04-01,"WA",1719
1991-07-01,"WA",2982
1991-10-01,"WA",909
1992-01-01,"WA",2866
1992-04-01,"WA",908
1992-07-01,"WA",1815
1992-10-01,"WA",336
1993-01-01,"WA",2859
1993-04-01,"WA",-370
1993-07-01,"WA",2221
1993-10-01,"WA",850
1994-01-01,"WA",2952
1994-04-01,"WA",695
1994-07-01,"WA",3563
1994-10-01,"WA",751
1995-01-01,"WA",3269
1995-04-01,"WA",2925
1995-07-01,"WA",3651
1995-10-01,"WA",3203
1996-01-01,"WA",3182
1996-04-01,"WA",2303
1996-07-01,"WA",3967
1996-10-01,"WA",2888
1997-01-01,"WA",4309
1997-04-01,"WA",1116
1997-07-01,"WA",3021
1997-10-01,"WA",2355
1998-01-01,"WA",5019
1998-04-01,"WA",1598
1998-07-01,"WA",4190
1998-10-01,"WA",2271
1999-01-01,"WA",4634
1999-04-01,"WA",2286
1999-07-01,"WA",5502
1999-10-01,"WA",1570
2000-01-01,"WA",5113
2000-04-01,"WA",1808
2000-07-01,"WA",4098
2000-10-01,"WA",3946
2001-01-01,"WA",5715
2001-04-01,"WA",2504
2001-07-01,"WA",3932
2001-10-01,"WA",4196
2002-01-01,"WA",4947
2002-04-01,"WA",1895
2002-07-01,"WA",2951
2002-10-01,"WA",3865
2003-01-01,"WA",5717
2003-04-01,"WA",3042
2003-07-01,"WA",3983
2003-10-01,"WA",3977
2004-01-01,"WA",3990
2004-04-01,"WA",1684
2004-07-01,"WA",3876
2004-10-01,"WA",4424
2005-01-01,"WA",6131
2005-04-01,"WA",2729
2005-07-01,"WA",5108
2005-10-01,"WA",5952
2006-01-01,"WA",7510
2006-04-01,"WA",3785
2006-07-01,"WA",7687
2006-10-01,"WA",7221
2007-01-01,"WA",10277
2007-04-01,"WA",6196
2007-07-01,"WA",9211
2007-10-01,"WA",8743
2008-01-01,"WA",13449
2008-04-01,"WA",9773
2008-07-01,"WA",13744
2008-10-01,"WA",11223
2009-01-01,"WA",12971
2009-04-01,"WA",6390
2009-07-01,"WA",8179
2009-10-01,"WA",5301
2010-01-01,"WA",8769
2010-04-01,"WA",6617
2010-07-01,"WA",8678
2010-10-01,"WA",7833
2011-01-01,"WA",11206
2011-04-01,"WA",8708
2011-07-01,"WA",11922
2011-10-01,"WA",11441
2012-01-01,"WA",15822
2012-04-01,"WA",11595
2012-07-01,"WA",13087
2012-10-01,"WA",9461
2013-01-01,"WA",12339
2013-04-01,"WA",7251
2013-07-01,"WA",6300
2013-10-01,"WA",3171
2014-01-01,"WA",7143
2014-04-01,"WA",2136
2014-07-01,"WA",3936
2014-10-01,"WA",2297
2015-01-01,"WA",5620
2015-04-01,"WA",2218
2015-07-01,"WA",3304
2015-10-01,"WA",1599
2016-01-01,"WA",5362
2016-04-01,"WA",1356
2016-07-01,"WA",3803
2016-10-01,"WA",1442
2017-01-01,"WA",5141
2017-04-01,"WA",1623
2017-07-01,"WA",3720
2017-10-01,"WA",1218
2018-01-01,"WA",4733
2018-04-01,"WA",2309
2018-07-01,"WA",4361
2018-10-01,"WA",3147
2019-01-01,"WA",6632
2019-04-01,"WA",3344
2019-07-01,"WA",7901
2019-10-01,"WA",7628
2020-01-01,"WA",9991
2020-04-01,"WA",-363
2020-07-01,"WA",-2317
2020-10-01,"WA",-2155
2021-01-01,"WA",-633
2021-04-01,"WA",12
2021-07-01,"WA",-701
2021-10-01,"WA",110
2022-01-01,"WA",7179
2022-04-01,"WA",8749
2022-07-01,"WA",14748
2022-10-01,"WA",15028
2023-01-01,"WA",19537
2023-04-01,"WA",14942
2023-07-01,"WA",18122
