"fecha","State","Births"
1975-01-01,"ACT",320
1975-02-01,"ACT",333
1975-03-01,"ACT",342
1975-04-01,"ACT",348
1975-05-01,"ACT",336
1975-06-01,"ACT",374
1975-07-01,"ACT",372
1975-08-01,"ACT",354
1975-09-01,"ACT",361
1975-10-01,"ACT",337
1975-11-01,"ACT",344
1975-12-01,"ACT",366
1976-01-01,"ACT",319
1976-02-01,"ACT",321
1976-03-01,"ACT",371
1976-04-01,"ACT",381
1976-05-01,"ACT",335
1976-06-01,"ACT",348
1976-07-01,"ACT",388
1976-08-01,"ACT",396
1976-09-01,"ACT",331
1976-10-01,"ACT",375
1976-11-01,"ACT",340
1976-12-01,"ACT",375
1977-01-01,"ACT",383
1977-02-01,"ACT",344
1977-03-01,"ACT",373
1977-04-01,"ACT",379
1977-05-01,"ACT",381
1977-06-01,"ACT",350
1977-07-01,"ACT",369
1977-08-01,"ACT",387
1977-09-01,"ACT",356
1977-10-01,"ACT",386
1977-11-01,"ACT",357
1977-12-01,"ACT",368
1978-01-01,"ACT",345
1978-02-01,"ACT",336
1978-03-01,"ACT",377
1978-04-01,"ACT",325
1978-05-01,"ACT",365
1978-06-01,"ACT",328
1978-07-01,"ACT",351
1978-08-01,"ACT",370
1978-09-01,"ACT",330
1978-10-01,"ACT",368
1978-11-01,"ACT",331
1978-12-01,"ACT",364
1979-01-01,"ACT",362
1979-02-01,"ACT",324
1979-03-01,"ACT",392
1979-04-01,"ACT",351
1979-05-01,"ACT",379
1979-06-01,"ACT",329
1979-07-01,"ACT",359
1979-08-01,"ACT",357
1979-09-01,"ACT",334
1979-10-01,"ACT",356
1979-11-01,"ACT",363
1979-12-01,"ACT",362
1980-01-01,"ACT",368
1980-02-01,"ACT",328
1980-03-01,"ACT",328
1980-04-01,"ACT",356
1980-05-01,"ACT",347
1980-06-01,"ACT",328
1980-07-01,"ACT",394
1980-08-01,"ACT",347
1980-09-01,"ACT",379
1980-10-01,"ACT",339
1980-11-01,"ACT",331
1980-12-01,"ACT",320
1981-01-01,"ACT",329
1981-02-01,"ACT",314
1981-03-01,"ACT",359
1981-04-01,"ACT",385
1981-05-01,"ACT",353
1981-06-01,"ACT",354
1981-07-01,"ACT",309
1981-08-01,"ACT",355
1981-09-01,"ACT",380
1981-10-01,"ACT",358
1981-11-01,"ACT",313
1981-12-01,"ACT",343
1982-01-01,"ACT",345
1982-02-01,"ACT",336
1982-03-01,"ACT",358
1982-04-01,"ACT",355
1982-05-01,"ACT",322
1982-06-01,"ACT",307
1982-07-01,"ACT",361
1982-08-01,"ACT",364
1982-09-01,"ACT",339
1982-10-01,"ACT",369
1982-11-01,"ACT",312
1982-12-01,"ACT",388
1983-01-01,"ACT",319
1983-02-01,"ACT",306
1983-03-01,"ACT",351
1983-04-01,"ACT",331
1983-05-01,"ACT",358
1983-06-01,"ACT",299
1983-07-01,"ACT",340
1983-08-01,"ACT",356
1983-09-01,"ACT",390
1983-10-01,"ACT",363
1983-11-01,"ACT",339
1983-12-01,"ACT",329
1984-01-01,"ACT",335
1984-02-01,"ACT",329
1984-03-01,"ACT",363
1984-04-01,"ACT",345
1984-05-01,"ACT",351
1984-06-01,"ACT",351
1984-07-01,"ACT",334
1984-08-01,"ACT",362
1984-09-01,"ACT",354
1984-10-01,"ACT",379
1984-11-01,"ACT",336
1984-12-01,"ACT",308
1985-01-01,"ACT",359
1985-02-01,"ACT",288
1985-03-01,"ACT",348
1985-04-01,"ACT",322
1985-05-01,"ACT",336
1985-06-01,"ACT",314
1985-07-01,"ACT",351
1985-08-01,"ACT",341
1985-09-01,"ACT",370
1985-10-01,"ACT",375
1985-11-01,"ACT",355
1985-12-01,"ACT",324
1986-01-01,"ACT",320
1986-02-01,"ACT",342
1986-03-01,"ACT",374
1986-04-01,"ACT",366
1986-05-01,"ACT",300
1986-06-01,"ACT",296
1986-07-01,"ACT",319
1986-08-01,"ACT",358
1986-09-01,"ACT",347
1986-10-01,"ACT",390
1986-11-01,"ACT",332
1986-12-01,"ACT",376
1987-01-01,"ACT",332
1987-02-01,"ACT",320
1987-03-01,"ACT",361
1987-04-01,"ACT",326
1987-05-01,"ACT",322
1987-06-01,"ACT",335
1987-07-01,"ACT",350
1987-08-01,"ACT",355
1987-09-01,"ACT",374
1987-10-01,"ACT",373
1987-11-01,"ACT",356
1987-12-01,"ACT",325
1988-01-01,"ACT",389
1988-02-01,"ACT",347
1988-03-01,"ACT",339
1988-04-01,"ACT",336
1988-05-01,"ACT",335
1988-06-01,"ACT",365
1988-07-01,"ACT",350
1988-08-01,"ACT",356
1988-09-01,"ACT",413
1988-10-01,"ACT",401
1988-11-01,"ACT",384
1988-12-01,"ACT",363
1989-01-01,"ACT",358
1989-02-01,"ACT",320
1989-03-01,"ACT",345
1989-04-01,"ACT",291
1989-05-01,"ACT",339
1989-06-01,"ACT",352
1989-07-01,"ACT",381
1989-08-01,"ACT",373
1989-09-01,"ACT",410
1989-10-01,"ACT",402
1989-11-01,"ACT",385
1989-12-01,"ACT",358
1990-01-01,"ACT",373
1990-02-01,"ACT",336
1990-03-01,"ACT",378
1990-04-01,"ACT",352
1990-05-01,"ACT",359
1990-06-01,"ACT",378
1990-07-01,"ACT",390
1990-08-01,"ACT",367
1990-09-01,"ACT",410
1990-10-01,"ACT",437
1990-11-01,"ACT",379
1990-12-01,"ACT",369
1991-01-01,"ACT",403
1991-02-01,"ACT",341
1991-03-01,"ACT",386
1991-04-01,"ACT",391
1991-05-01,"ACT",389
1991-06-01,"ACT",348
1991-07-01,"ACT",356
1991-08-01,"ACT",357
1991-09-01,"ACT",398
1991-10-01,"ACT",480
1991-11-01,"ACT",390
1991-12-01,"ACT",381
1992-01-01,"ACT",397
1992-02-01,"ACT",348
1992-03-01,"ACT",351
1992-04-01,"ACT",347
1992-05-01,"ACT",355
1992-06-01,"ACT",362
1992-07-01,"ACT",383
1992-08-01,"ACT",394
1992-09-01,"ACT",388
1992-10-01,"ACT",371
1992-11-01,"ACT",379
1992-12-01,"ACT",365
1993-01-01,"ACT",385
1993-02-01,"ACT",328
1993-03-01,"ACT",393
1993-04-01,"ACT",375
1993-05-01,"ACT",402
1993-06-01,"ACT",348
1993-07-01,"ACT",362
1993-08-01,"ACT",325
1993-09-01,"ACT",388
1993-10-01,"ACT",372
1993-11-01,"ACT",342
1993-12-01,"ACT",414
1994-01-01,"ACT",381
1994-02-01,"ACT",358
1994-03-01,"ACT",404
1994-04-01,"ACT",371
1994-05-01,"ACT",386
1994-06-01,"ACT",350
1994-07-01,"ACT",355
1994-08-01,"ACT",391
1994-09-01,"ACT",419
1994-10-01,"ACT",376
1994-11-01,"ACT",366
1994-12-01,"ACT",347
1995-01-01,"ACT",378
1995-02-01,"ACT",335
1995-03-01,"ACT",393
1995-04-01,"ACT",367
1995-05-01,"ACT",380
1995-06-01,"ACT",390
1995-07-01,"ACT",366
1995-08-01,"ACT",364
1995-09-01,"ACT",353
1995-10-01,"ACT",382
1995-11-01,"ACT",368
1995-12-01,"ACT",364
1996-01-01,"ACT",361
1996-02-01,"ACT",336
1996-03-01,"ACT",349
1996-04-01,"ACT",353
1996-05-01,"ACT",364
1996-06-01,"ACT",340
1996-07-01,"ACT",390
1996-08-01,"ACT",371
1996-09-01,"ACT",369
1996-10-01,"ACT",368
1996-11-01,"ACT",366
1996-12-01,"ACT",364
1997-01-01,"ACT",366
1997-02-01,"ACT",299
1997-03-01,"ACT",344
1997-04-01,"ACT",368
1997-05-01,"ACT",375
1997-06-01,"ACT",327
1997-07-01,"ACT",370
1997-08-01,"ACT",336
1997-09-01,"ACT",334
1997-10-01,"ACT",386
1997-11-01,"ACT",316
1997-12-01,"ACT",339
1998-01-01,"ACT",352
1998-02-01,"ACT",323
1998-03-01,"ACT",380
1998-04-01,"ACT",339
1998-05-01,"ACT",330
1998-06-01,"ACT",335
1998-07-01,"ACT",362
1998-08-01,"ACT",330
1998-09-01,"ACT",355
1998-10-01,"ACT",345
1998-11-01,"ACT",396
1998-12-01,"ACT",334
1999-01-01,"ACT",352
1999-02-01,"ACT",321
1999-03-01,"ACT",374
1999-04-01,"ACT",356
1999-05-01,"ACT",347
1999-06-01,"ACT",346
1999-07-01,"ACT",321
1999-08-01,"ACT",383
1999-09-01,"ACT",375
1999-10-01,"ACT",357
1999-11-01,"ACT",315
1999-12-01,"ACT",296
2000-01-01,"ACT",332
2000-02-01,"ACT",327
2000-03-01,"ACT",335
2000-04-01,"ACT",359
2000-05-01,"ACT",394
2000-06-01,"ACT",354
2000-07-01,"ACT",342
2000-08-01,"ACT",353
2000-09-01,"ACT",347
2000-10-01,"ACT",396
2000-11-01,"ACT",374
2000-12-01,"ACT",304
2001-01-01,"ACT",379
2001-02-01,"ACT",307
2001-03-01,"ACT",311
2001-04-01,"ACT",303
2001-05-01,"ACT",317
2001-06-01,"ACT",311
2001-07-01,"ACT",328
2001-08-01,"ACT",369
2001-09-01,"ACT",321
2001-10-01,"ACT",329
2001-11-01,"ACT",291
2001-12-01,"ACT",326
2002-01-01,"ACT",349
2002-02-01,"ACT",317
2002-03-01,"ACT",346
2002-04-01,"ACT",335
2002-05-01,"ACT",357
2002-06-01,"ACT",338
2002-07-01,"ACT",336
2002-08-01,"ACT",360
2002-09-01,"ACT",361
2002-10-01,"ACT",369
2002-11-01,"ACT",314
2002-12-01,"ACT",322
2003-01-01,"ACT",328
2003-02-01,"ACT",317
2003-03-01,"ACT",362
2003-04-01,"ACT",311
2003-05-01,"ACT",320
2003-06-01,"ACT",353
2003-07-01,"ACT",361
2003-08-01,"ACT",316
2003-09-01,"ACT",395
2003-10-01,"ACT",384
2003-11-01,"ACT",357
2003-12-01,"ACT",348
2004-01-01,"ACT",384
2004-02-01,"ACT",290
2004-03-01,"ACT",361
2004-04-01,"ACT",339
2004-05-01,"ACT",306
2004-06-01,"ACT",331
2004-07-01,"ACT",361
2004-08-01,"ACT",374
2004-09-01,"ACT",377
2004-10-01,"ACT",373
2004-11-01,"ACT",333
2004-12-01,"ACT",329
2005-01-01,"ACT",361
2005-02-01,"ACT",344
2005-03-01,"ACT",365
2005-04-01,"ACT",356
2005-05-01,"ACT",348
2005-06-01,"ACT",312
2005-07-01,"ACT",362
2005-08-01,"ACT",363
2005-09-01,"ACT",355
2005-10-01,"ACT",384
2005-11-01,"ACT",360
2005-12-01,"ACT",366
2006-01-01,"ACT",391
2006-02-01,"ACT",365
2006-03-01,"ACT",418
2006-04-01,"ACT",374
2006-05-01,"ACT",361
2006-06-01,"ACT",361
2006-07-01,"ACT",403
2006-08-01,"ACT",400
2006-09-01,"ACT",405
2006-10-01,"ACT",405
2006-11-01,"ACT",344
2006-12-01,"ACT",357
2007-01-01,"ACT",401
2007-02-01,"ACT",339
2007-03-01,"ACT",401
2007-04-01,"ACT",373
2007-05-01,"ACT",387
2007-06-01,"ACT",394
2007-07-01,"ACT",386
2007-08-01,"ACT",405
2007-09-01,"ACT",397
2007-10-01,"ACT",377
2007-11-01,"ACT",396
2007-12-01,"ACT",379
2008-01-01,"ACT",374
2008-02-01,"ACT",339
2008-03-01,"ACT",402
2008-04-01,"ACT",382
2008-05-01,"ACT",395
2008-06-01,"ACT",366
2008-07-01,"ACT",427
2008-08-01,"ACT",408
2008-09-01,"ACT",435
2008-10-01,"ACT",431
2008-11-01,"ACT",366
2008-12-01,"ACT",421
2009-01-01,"ACT",385
2009-02-01,"ACT",366
2009-03-01,"ACT",381
2009-04-01,"ACT",399
2009-05-01,"ACT",400
2009-06-01,"ACT",425
2009-07-01,"ACT",447
2009-08-01,"ACT",420
2009-09-01,"ACT",464
2009-10-01,"ACT",434
2009-11-01,"ACT",399
2009-12-01,"ACT",432
2010-01-01,"ACT",419
2010-02-01,"ACT",444
2010-03-01,"ACT",436
2010-04-01,"ACT",413
2010-05-01,"ACT",436
2010-06-01,"ACT",452
2010-07-01,"ACT",452
2010-08-01,"ACT",441
2010-09-01,"ACT",393
2010-10-01,"ACT",429
2010-11-01,"ACT",349
2010-12-01,"ACT",409
2011-01-01,"ACT",476
2011-02-01,"ACT",430
2011-03-01,"ACT",443
2011-04-01,"ACT",417
2011-05-01,"ACT",435
2011-06-01,"ACT",426
2011-07-01,"ACT",423
2011-08-01,"ACT",416
2011-09-01,"ACT",476
2011-10-01,"ACT",454
2011-11-01,"ACT",418
2011-12-01,"ACT",444
2012-01-01,"ACT",460
2012-02-01,"ACT",434
2012-03-01,"ACT",483
2012-04-01,"ACT",411
2012-05-01,"ACT",427
2012-06-01,"ACT",438
2012-07-01,"ACT",488
2012-08-01,"ACT",469
2012-09-01,"ACT",465
2012-10-01,"ACT",491
2012-11-01,"ACT",435
2012-12-01,"ACT",462
2013-01-01,"ACT",450
2013-02-01,"ACT",417
2013-03-01,"ACT",477
2013-04-01,"ACT",450
2013-05-01,"ACT",449
2013-06-01,"ACT",471
2013-07-01,"ACT",471
2013-08-01,"ACT",475
2013-09-01,"ACT",454
2013-10-01,"ACT",497
2013-11-01,"ACT",488
2013-12-01,"ACT",453
2014-01-01,"ACT",475
2014-02-01,"ACT",443
2014-03-01,"ACT",486
2014-04-01,"ACT",443
2014-05-01,"ACT",487
2014-06-01,"ACT",438
2014-07-01,"ACT",500
2014-08-01,"ACT",479
2014-09-01,"ACT",483
2014-10-01,"ACT",478
2014-11-01,"ACT",452
2014-12-01,"ACT",490
2015-01-01,"ACT",472
2015-02-01,"ACT",433
2015-03-01,"ACT",483
2015-04-01,"ACT",437
2015-05-01,"ACT",487
2015-06-01,"ACT",492
2015-07-01,"ACT",484
2015-08-01,"ACT",468
2015-09-01,"ACT",471
2015-10-01,"ACT",469
2015-11-01,"ACT",453
2015-12-01,"ACT",492
2016-01-01,"ACT",479
2016-02-01,"ACT",463
2016-03-01,"ACT",514
2016-04-01,"ACT",482
2016-05-01,"ACT",476
2016-06-01,"ACT",495
2016-07-01,"ACT",522
2016-08-01,"ACT",470
2016-09-01,"ACT",488
2016-10-01,"ACT",490
2016-11-01,"ACT",447
2016-12-01,"ACT",455
2017-01-01,"ACT",504
2017-02-01,"ACT",425
2017-03-01,"ACT",476
2017-04-01,"ACT",430
2017-05-01,"ACT",467
2017-06-01,"ACT",456
2017-07-01,"ACT",455
2017-08-01,"ACT",464
2017-09-01,"ACT",476
2017-10-01,"ACT",472
2017-11-01,"ACT",437
2017-12-01,"ACT",395
2018-01-01,"ACT",448
2018-02-01,"ACT",438
2018-03-01,"ACT",439
2018-04-01,"ACT",405
2018-05-01,"ACT",451
2018-06-01,"ACT",454
2018-07-01,"ACT",426
2018-08-01,"ACT",459
2018-09-01,"ACT",435
2018-10-01,"ACT",430
2018-11-01,"ACT",420
2018-12-01,"ACT",451
2019-01-01,"ACT",440
2019-02-01,"ACT",414
2019-03-01,"ACT",491
2019-04-01,"ACT",456
2019-05-01,"ACT",456
2019-06-01,"ACT",419
2019-07-01,"ACT",460
2019-08-01,"ACT",494
2019-09-01,"ACT",484
2019-10-01,"ACT",484
2019-11-01,"ACT",423
2019-12-01,"ACT",437
2020-01-01,"ACT",459
2020-02-01,"ACT",412
2020-03-01,"ACT",465
2020-04-01,"ACT",427
2020-05-01,"ACT",441
2020-06-01,"ACT",432
2020-07-01,"ACT",466
2020-08-01,"ACT",448
2020-09-01,"ACT",424
2020-10-01,"ACT",459
2020-11-01,"ACT",421
2020-12-01,"ACT",430
2021-01-01,"ACT",472
2021-02-01,"ACT",446
2021-03-01,"ACT",512
2021-04-01,"ACT",435
2021-05-01,"ACT",441
2021-06-01,"ACT",451
2021-07-01,"ACT",452
2021-08-01,"ACT",468
2021-09-01,"ACT",474
2021-10-01,"ACT",427
2021-11-01,"ACT",466
2021-12-01,"ACT",476
1975-01-01,"NSW",6962
1975-02-01,"NSW",6412
1975-03-01,"NSW",6945
1975-04-01,"NSW",6647
1975-05-01,"NSW",7377
1975-06-01,"NSW",6654
1975-07-01,"NSW",7047
1975-08-01,"NSW",6679
1975-09-01,"NSW",6687
1975-10-01,"NSW",6709
1975-11-01,"NSW",6270
1975-12-01,"NSW",6496
1976-01-01,"NSW",6704
1976-02-01,"NSW",6599
1976-03-01,"NSW",7175
1976-04-01,"NSW",6680
1976-05-01,"NSW",6576
1976-06-01,"NSW",6489
1976-07-01,"NSW",6573
1976-08-01,"NSW",6319
1976-09-01,"NSW",6530
1976-10-01,"NSW",6484
1976-11-01,"NSW",6217
1976-12-01,"NSW",6464
1977-01-01,"NSW",6590
1977-02-01,"NSW",6357
1977-03-01,"NSW",7035
1977-04-01,"NSW",6408
1977-05-01,"NSW",6794
1977-06-01,"NSW",6712
1977-07-01,"NSW",6719
1977-08-01,"NSW",6629
1977-09-01,"NSW",6643
1977-10-01,"NSW",6572
1977-11-01,"NSW",6051
1977-12-01,"NSW",6085
1978-01-01,"NSW",6556
1978-02-01,"NSW",6376
1978-03-01,"NSW",7095
1978-04-01,"NSW",6513
1978-05-01,"NSW",6686
1978-06-01,"NSW",6493
1978-07-01,"NSW",6438
1978-08-01,"NSW",6716
1978-09-01,"NSW",6570
1978-10-01,"NSW",6379
1978-11-01,"NSW",6225
1978-12-01,"NSW",6329
1979-01-01,"NSW",6588
1979-02-01,"NSW",6277
1979-03-01,"NSW",6953
1979-04-01,"NSW",6628
1979-05-01,"NSW",6862
1979-06-01,"NSW",6345
1979-07-01,"NSW",6818
1979-08-01,"NSW",6547
1979-09-01,"NSW",6392
1979-10-01,"NSW",6337
1979-11-01,"NSW",6147
1979-12-01,"NSW",6060
1980-01-01,"NSW",6787
1980-02-01,"NSW",6267
1980-03-01,"NSW",6967
1980-04-01,"NSW",6609
1980-05-01,"NSW",6907
1980-06-01,"NSW",6962
1980-07-01,"NSW",6717
1980-08-01,"NSW",6415
1980-09-01,"NSW",6708
1980-10-01,"NSW",6752
1980-11-01,"NSW",6043
1980-12-01,"NSW",6435
1981-01-01,"NSW",6824
1981-02-01,"NSW",6548
1981-03-01,"NSW",7522
1981-04-01,"NSW",7169
1981-05-01,"NSW",7255
1981-06-01,"NSW",6981
1981-07-01,"NSW",7123
1981-08-01,"NSW",6998
1981-09-01,"NSW",7080
1981-10-01,"NSW",6888
1981-11-01,"NSW",6228
1981-12-01,"NSW",6617
1982-01-01,"NSW",6809
1982-02-01,"NSW",6437
1982-03-01,"NSW",7563
1982-04-01,"NSW",6936
1982-05-01,"NSW",6904
1982-06-01,"NSW",6840
1982-07-01,"NSW",7189
1982-08-01,"NSW",7231
1982-09-01,"NSW",7156
1982-10-01,"NSW",6928
1982-11-01,"NSW",6532
1982-12-01,"NSW",6765
1983-01-01,"NSW",6852
1983-02-01,"NSW",6801
1983-03-01,"NSW",7741
1983-04-01,"NSW",7082
1983-05-01,"NSW",7236
1983-06-01,"NSW",6779
1983-07-01,"NSW",6921
1983-08-01,"NSW",7133
1983-09-01,"NSW",7030
1983-10-01,"NSW",7001
1983-11-01,"NSW",6332
1983-12-01,"NSW",6599
1984-01-01,"NSW",6870
1984-02-01,"NSW",6684
1984-03-01,"NSW",7422
1984-04-01,"NSW",6970
1984-05-01,"NSW",7167
1984-06-01,"NSW",6919
1984-07-01,"NSW",6945
1984-08-01,"NSW",7105
1984-09-01,"NSW",7024
1984-10-01,"NSW",7215
1984-11-01,"NSW",6649
1984-12-01,"NSW",6927
1985-01-01,"NSW",7122
1985-02-01,"NSW",6573
1985-03-01,"NSW",7523
1985-04-01,"NSW",7000
1985-05-01,"NSW",7135
1985-06-01,"NSW",6853
1985-07-01,"NSW",7141
1985-08-01,"NSW",7211
1985-09-01,"NSW",7231
1985-10-01,"NSW",7508
1985-11-01,"NSW",6709
1985-12-01,"NSW",6762
1986-01-01,"NSW",7002
1986-02-01,"NSW",6559
1986-03-01,"NSW",7111
1986-04-01,"NSW",7125
1986-05-01,"NSW",7237
1986-06-01,"NSW",6860
1986-07-01,"NSW",7270
1986-08-01,"NSW",7089
1986-09-01,"NSW",7244
1986-10-01,"NSW",7449
1986-11-01,"NSW",6497
1986-12-01,"NSW",6922
1987-01-01,"NSW",7014
1987-02-01,"NSW",6828
1987-03-01,"NSW",7672
1987-04-01,"NSW",7091
1987-05-01,"NSW",7203
1987-06-01,"NSW",7091
1987-07-01,"NSW",7288
1987-08-01,"NSW",7050
1987-09-01,"NSW",7386
1987-10-01,"NSW",7096
1987-11-01,"NSW",6821
1987-12-01,"NSW",6956
1988-01-01,"NSW",6999
1988-02-01,"NSW",6816
1988-03-01,"NSW",7745
1988-04-01,"NSW",7040
1988-05-01,"NSW",7369
1988-06-01,"NSW",7058
1988-07-01,"NSW",7083
1988-08-01,"NSW",7488
1988-09-01,"NSW",7774
1988-10-01,"NSW",7504
1988-11-01,"NSW",7002
1988-12-01,"NSW",7402
1989-01-01,"NSW",7082
1989-02-01,"NSW",6642
1989-03-01,"NSW",7313
1989-04-01,"NSW",6901
1989-05-01,"NSW",7610
1989-06-01,"NSW",7368
1989-07-01,"NSW",7436
1989-08-01,"NSW",7740
1989-09-01,"NSW",7705
1989-10-01,"NSW",7770
1989-11-01,"NSW",7216
1989-12-01,"NSW",7235
1990-01-01,"NSW",7349
1990-02-01,"NSW",6866
1990-03-01,"NSW",7717
1990-04-01,"NSW",7443
1990-05-01,"NSW",7617
1990-06-01,"NSW",7423
1990-07-01,"NSW",7609
1990-08-01,"NSW",7751
1990-09-01,"NSW",7871
1990-10-01,"NSW",7913
1990-11-01,"NSW",7368
1990-12-01,"NSW",7260
1991-01-01,"NSW",7334
1991-02-01,"NSW",6861
1991-03-01,"NSW",7712
1991-04-01,"NSW",7534
1991-05-01,"NSW",7644
1991-06-01,"NSW",7334
1991-07-01,"NSW",7524
1991-08-01,"NSW",7746
1991-09-01,"NSW",7488
1991-10-01,"NSW",7625
1991-11-01,"NSW",6886
1991-12-01,"NSW",7178
1992-01-01,"NSW",7700
1992-02-01,"NSW",7309
1992-03-01,"NSW",7843
1992-04-01,"NSW",7510
1992-05-01,"NSW",7643
1992-06-01,"NSW",7563
1992-07-01,"NSW",8021
1992-08-01,"NSW",7678
1992-09-01,"NSW",7924
1992-10-01,"NSW",7880
1992-11-01,"NSW",7066
1992-12-01,"NSW",7242
1993-01-01,"NSW",7428
1993-02-01,"NSW",6958
1993-03-01,"NSW",7913
1993-04-01,"NSW",7413
1993-05-01,"NSW",7543
1993-06-01,"NSW",7499
1993-07-01,"NSW",7624
1993-08-01,"NSW",7505
1993-09-01,"NSW",7682
1993-10-01,"NSW",7556
1993-11-01,"NSW",7063
1993-12-01,"NSW",7463
1994-01-01,"NSW",7558
1994-02-01,"NSW",6949
1994-03-01,"NSW",8232
1994-04-01,"NSW",7278
1994-05-01,"NSW",7509
1994-06-01,"NSW",7194
1994-07-01,"NSW",7629
1994-08-01,"NSW",7656
1994-09-01,"NSW",7821
1994-10-01,"NSW",7608
1994-11-01,"NSW",7077
1994-12-01,"NSW",7406
1995-01-01,"NSW",7345
1995-02-01,"NSW",6947
1995-03-01,"NSW",7898
1995-04-01,"NSW",7155
1995-05-01,"NSW",7786
1995-06-01,"NSW",7358
1995-07-01,"NSW",7661
1995-08-01,"NSW",7764
1995-09-01,"NSW",7580
1995-10-01,"NSW",7490
1995-11-01,"NSW",7096
1995-12-01,"NSW",6979
1996-01-01,"NSW",7246
1996-02-01,"NSW",6939
1996-03-01,"NSW",7396
1996-04-01,"NSW",7086
1996-05-01,"NSW",7476
1996-06-01,"NSW",7182
1996-07-01,"NSW",7471
1996-08-01,"NSW",7589
1996-09-01,"NSW",7715
1996-10-01,"NSW",7785
1996-11-01,"NSW",7520
1996-12-01,"NSW",7647
1997-01-01,"NSW",7638
1997-02-01,"NSW",6771
1997-03-01,"NSW",7466
1997-04-01,"NSW",7132
1997-05-01,"NSW",7414
1997-06-01,"NSW",7360
1997-07-01,"NSW",7589
1997-08-01,"NSW",7442
1997-09-01,"NSW",7801
1997-10-01,"NSW",7892
1997-11-01,"NSW",7002
1997-12-01,"NSW",7098
1998-01-01,"NSW",7185
1998-02-01,"NSW",6649
1998-03-01,"NSW",7546
1998-04-01,"NSW",7213
1998-05-01,"NSW",7177
1998-06-01,"NSW",7185
1998-07-01,"NSW",7619
1998-08-01,"NSW",7278
1998-09-01,"NSW",7537
1998-10-01,"NSW",7523
1998-11-01,"NSW",6796
1998-12-01,"NSW",7179
1999-01-01,"NSW",7365
1999-02-01,"NSW",6839
1999-03-01,"NSW",7688
1999-04-01,"NSW",7323
1999-05-01,"NSW",7221
1999-06-01,"NSW",7446
1999-07-01,"NSW",7544
1999-08-01,"NSW",7536
1999-09-01,"NSW",7624
1999-10-01,"NSW",7271
1999-11-01,"NSW",6851
1999-12-01,"NSW",7117
2000-01-01,"NSW",7528
2000-02-01,"NSW",7060
2000-03-01,"NSW",7658
2000-04-01,"NSW",7097
2000-05-01,"NSW",7651
2000-06-01,"NSW",7218
2000-07-01,"NSW",7276
2000-08-01,"NSW",7625
2000-09-01,"NSW",7444
2000-10-01,"NSW",7696
2000-11-01,"NSW",7094
2000-12-01,"NSW",7068
2001-01-01,"NSW",7245
2001-02-01,"NSW",6783
2001-03-01,"NSW",7719
2001-04-01,"NSW",7116
2001-05-01,"NSW",7219
2001-06-01,"NSW",7226
2001-07-01,"NSW",7303
2001-08-01,"NSW",7521
2001-09-01,"NSW",7485
2001-10-01,"NSW",7464
2001-11-01,"NSW",6845
2001-12-01,"NSW",6682
2002-01-01,"NSW",7332
2002-02-01,"NSW",6893
2002-03-01,"NSW",7552
2002-04-01,"NSW",7078
2002-05-01,"NSW",7440
2002-06-01,"NSW",7006
2002-07-01,"NSW",7392
2002-08-01,"NSW",7395
2002-09-01,"NSW",7500
2002-10-01,"NSW",7735
2002-11-01,"NSW",7016
2002-12-01,"NSW",7095
2003-01-01,"NSW",7142
2003-02-01,"NSW",6651
2003-03-01,"NSW",7421
2003-04-01,"NSW",7150
2003-05-01,"NSW",7485
2003-06-01,"NSW",7372
2003-07-01,"NSW",7521
2003-08-01,"NSW",7476
2003-09-01,"NSW",7667
2003-10-01,"NSW",7747
2003-11-01,"NSW",6708
2003-12-01,"NSW",7133
2004-01-01,"NSW",7436
2004-02-01,"NSW",6829
2004-03-01,"NSW",7611
2004-04-01,"NSW",7216
2004-05-01,"NSW",7125
2004-06-01,"NSW",6584
2004-07-01,"NSW",7494
2004-08-01,"NSW",7161
2004-09-01,"NSW",7535
2004-10-01,"NSW",7301
2004-11-01,"NSW",7057
2004-12-01,"NSW",6841
2005-01-01,"NSW",7221
2005-02-01,"NSW",6874
2005-03-01,"NSW",7956
2005-04-01,"NSW",7703
2005-05-01,"NSW",7627
2005-06-01,"NSW",7500
2005-07-01,"NSW",7769
2005-08-01,"NSW",7721
2005-09-01,"NSW",8041
2005-10-01,"NSW",7895
2005-11-01,"NSW",7287
2005-12-01,"NSW",7462
2006-01-01,"NSW",7332
2006-02-01,"NSW",6570
2006-03-01,"NSW",6870
2006-04-01,"NSW",7493
2006-05-01,"NSW",7871
2006-06-01,"NSW",7430
2006-07-01,"NSW",7975
2006-08-01,"NSW",8164
2006-09-01,"NSW",8162
2006-10-01,"NSW",8205
2006-11-01,"NSW",7655
2006-12-01,"NSW",7570
2007-01-01,"NSW",8096
2007-02-01,"NSW",7478
2007-03-01,"NSW",8426
2007-04-01,"NSW",7890
2007-05-01,"NSW",8382
2007-06-01,"NSW",7950
2007-07-01,"NSW",8163
2007-08-01,"NSW",8271
2007-09-01,"NSW",8144
2007-10-01,"NSW",8350
2007-11-01,"NSW",7697
2007-12-01,"NSW",7437
2008-01-01,"NSW",7978
2008-02-01,"NSW",7628
2008-03-01,"NSW",8275
2008-04-01,"NSW",7811
2008-05-01,"NSW",8051
2008-06-01,"NSW",7646
2008-07-01,"NSW",8639
2008-08-01,"NSW",8233
2008-09-01,"NSW",8065
2008-10-01,"NSW",8473
2008-11-01,"NSW",7622
2008-12-01,"NSW",8478
2009-01-01,"NSW",7916
2009-02-01,"NSW",7593
2009-03-01,"NSW",8180
2009-04-01,"NSW",8103
2009-05-01,"NSW",7985
2009-06-01,"NSW",7786
2009-07-01,"NSW",8492
2009-08-01,"NSW",7954
2009-09-01,"NSW",8475
2009-10-01,"NSW",8398
2009-11-01,"NSW",7930
2009-12-01,"NSW",8079
2010-01-01,"NSW",8126
2010-02-01,"NSW",7524
2010-03-01,"NSW",8552
2010-04-01,"NSW",8038
2010-05-01,"NSW",8274
2010-06-01,"NSW",8318
2010-07-01,"NSW",8335
2010-08-01,"NSW",8131
2010-09-01,"NSW",8259
2010-10-01,"NSW",8108
2010-11-01,"NSW",7706
2010-12-01,"NSW",7609
2011-01-01,"NSW",8183
2011-02-01,"NSW",7668
2011-03-01,"NSW",8598
2011-04-01,"NSW",8061
2011-05-01,"NSW",8378
2011-06-01,"NSW",8255
2011-07-01,"NSW",8030
2011-08-01,"NSW",8269
2011-09-01,"NSW",8310
2011-10-01,"NSW",8089
2011-11-01,"NSW",7776
2011-12-01,"NSW",7845
2012-01-01,"NSW",8392
2012-02-01,"NSW",7817
2012-03-01,"NSW",8394
2012-04-01,"NSW",8138
2012-05-01,"NSW",8681
2012-06-01,"NSW",8155
2012-07-01,"NSW",8366
2012-08-01,"NSW",8529
2012-09-01,"NSW",8332
2012-10-01,"NSW",8706
2012-11-01,"NSW",8266
2012-12-01,"NSW",7916
2013-01-01,"NSW",8443
2013-02-01,"NSW",7739
2013-03-01,"NSW",8294
2013-04-01,"NSW",7898
2013-05-01,"NSW",8506
2013-06-01,"NSW",7930
2013-07-01,"NSW",8085
2013-08-01,"NSW",7988
2013-09-01,"NSW",8244
2013-10-01,"NSW",8277
2013-11-01,"NSW",7804
2013-12-01,"NSW",7949
2014-01-01,"NSW",7676
2014-02-01,"NSW",7685
2014-03-01,"NSW",8235
2014-04-01,"NSW",7990
2014-05-01,"NSW",8202
2014-06-01,"NSW",8030
2014-07-01,"NSW",8350
2014-08-01,"NSW",8084
2014-09-01,"NSW",8437
2014-10-01,"NSW",8574
2014-11-01,"NSW",7822
2014-12-01,"NSW",8084
2015-01-01,"NSW",8270
2015-02-01,"NSW",7527
2015-03-01,"NSW",8136
2015-04-01,"NSW",7876
2015-05-01,"NSW",7979
2015-06-01,"NSW",7949
2015-07-01,"NSW",8353
2015-08-01,"NSW",8252
2015-09-01,"NSW",8330
2015-10-01,"NSW",8246
2015-11-01,"NSW",7813
2015-12-01,"NSW",8029
2016-01-01,"NSW",8003
2016-02-01,"NSW",8026
2016-03-01,"NSW",8667
2016-04-01,"NSW",8226
2016-05-01,"NSW",8476
2016-06-01,"NSW",8391
2016-07-01,"NSW",8370
2016-08-01,"NSW",8485
2016-09-01,"NSW",8334
2016-10-01,"NSW",8366
2016-11-01,"NSW",7861
2016-12-01,"NSW",7822
2017-01-01,"NSW",8285
2017-02-01,"NSW",7531
2017-03-01,"NSW",8497
2017-04-01,"NSW",7792
2017-05-01,"NSW",8146
2017-06-01,"NSW",8037
2017-07-01,"NSW",8241
2017-08-01,"NSW",8327
2017-09-01,"NSW",8224
2017-10-01,"NSW",8003
2017-11-01,"NSW",7709
2017-12-01,"NSW",7482
2018-01-01,"NSW",8284
2018-02-01,"NSW",7460
2018-03-01,"NSW",8261
2018-04-01,"NSW",7825
2018-05-01,"NSW",8188
2018-06-01,"NSW",7966
2018-07-01,"NSW",8241
2018-08-01,"NSW",8115
2018-09-01,"NSW",8068
2018-10-01,"NSW",8164
2018-11-01,"NSW",7819
2018-12-01,"NSW",7727
2019-01-01,"NSW",7983
2019-02-01,"NSW",7561
2019-03-01,"NSW",8294
2019-04-01,"NSW",7963
2019-05-01,"NSW",8357
2019-06-01,"NSW",7778
2019-07-01,"NSW",8052
2019-08-01,"NSW",7980
2019-09-01,"NSW",7979
2019-10-01,"NSW",8254
2019-11-01,"NSW",7632
2019-12-01,"NSW",7662
2020-01-01,"NSW",7966
2020-02-01,"NSW",7389
2020-03-01,"NSW",7848
2020-04-01,"NSW",7636
2020-05-01,"NSW",7822
2020-06-01,"NSW",7665
2020-07-01,"NSW",8013
2020-08-01,"NSW",7773
2020-09-01,"NSW",7788
2020-10-01,"NSW",7601
2020-11-01,"NSW",7301
2020-12-01,"NSW",7500
2021-01-01,"NSW",8060
2021-02-01,"NSW",7935
2021-03-01,"NSW",9012
2021-04-01,"NSW",8345
2021-05-01,"NSW",8476
2021-06-01,"NSW",8386
2021-07-01,"NSW",8323
2021-08-01,"NSW",8177
2021-09-01,"NSW",8042
2021-10-01,"NSW",8257
2021-11-01,"NSW",7732
2021-12-01,"NSW",7742
1975-01-01,"NT",185
1975-02-01,"NT",135
1975-03-01,"NT",206
1975-04-01,"NT",209
1975-05-01,"NT",225
1975-06-01,"NT",193
1975-07-01,"NT",196
1975-08-01,"NT",199
1975-09-01,"NT",202
1975-10-01,"NT",178
1975-11-01,"NT",190
1975-12-01,"NT",240
1976-01-01,"NT",245
1976-02-01,"NT",236
1976-03-01,"NT",259
1976-04-01,"NT",260
1976-05-01,"NT",235
1976-06-01,"NT",233
1976-07-01,"NT",209
1976-08-01,"NT",193
1976-09-01,"NT",223
1976-10-01,"NT",185
1976-11-01,"NT",218
1976-12-01,"NT",223
1977-01-01,"NT",197
1977-02-01,"NT",233
1977-03-01,"NT",262
1977-04-01,"NT",241
1977-05-01,"NT",243
1977-06-01,"NT",231
1977-07-01,"NT",238
1977-08-01,"NT",207
1977-09-01,"NT",187
1977-10-01,"NT",216
1977-11-01,"NT",211
1977-12-01,"NT",218
1978-01-01,"NT",239
1978-02-01,"NT",214
1978-03-01,"NT",258
1978-04-01,"NT",236
1978-05-01,"NT",251
1978-06-01,"NT",256
1978-07-01,"NT",191
1978-08-01,"NT",215
1978-09-01,"NT",211
1978-10-01,"NT",239
1978-11-01,"NT",192
1978-12-01,"NT",212
1979-01-01,"NT",212
1979-02-01,"NT",244
1979-03-01,"NT",226
1979-04-01,"NT",205
1979-05-01,"NT",236
1979-06-01,"NT",220
1979-07-01,"NT",234
1979-08-01,"NT",245
1979-09-01,"NT",197
1979-10-01,"NT",196
1979-11-01,"NT",206
1979-12-01,"NT",211
1980-01-01,"NT",248
1980-02-01,"NT",235
1980-03-01,"NT",256
1980-04-01,"NT",235
1980-05-01,"NT",279
1980-06-01,"NT",213
1980-07-01,"NT",241
1980-08-01,"NT",234
1980-09-01,"NT",217
1980-10-01,"NT",218
1980-11-01,"NT",228
1980-12-01,"NT",242
1981-01-01,"NT",252
1981-02-01,"NT",227
1981-03-01,"NT",265
1981-04-01,"NT",258
1981-05-01,"NT",264
1981-06-01,"NT",260
1981-07-01,"NT",240
1981-08-01,"NT",258
1981-09-01,"NT",246
1981-10-01,"NT",235
1981-11-01,"NT",221
1981-12-01,"NT",236
1982-01-01,"NT",259
1982-02-01,"NT",244
1982-03-01,"NT",280
1982-04-01,"NT",265
1982-05-01,"NT",268
1982-06-01,"NT",266
1982-07-01,"NT",219
1982-08-01,"NT",246
1982-09-01,"NT",239
1982-10-01,"NT",243
1982-11-01,"NT",254
1982-12-01,"NT",273
1983-01-01,"NT",230
1983-02-01,"NT",265
1983-03-01,"NT",287
1983-04-01,"NT",316
1983-05-01,"NT",283
1983-06-01,"NT",282
1983-07-01,"NT",273
1983-08-01,"NT",249
1983-09-01,"NT",258
1983-10-01,"NT",220
1983-11-01,"NT",223
1983-12-01,"NT",243
1984-01-01,"NT",229
1984-02-01,"NT",254
1984-03-01,"NT",295
1984-04-01,"NT",304
1984-05-01,"NT",281
1984-06-01,"NT",241
1984-07-01,"NT",258
1984-08-01,"NT",269
1984-09-01,"NT",255
1984-10-01,"NT",249
1984-11-01,"NT",263
1984-12-01,"NT",230
1985-01-01,"NT",298
1985-02-01,"NT",286
1985-03-01,"NT",315
1985-04-01,"NT",278
1985-05-01,"NT",317
1985-06-01,"NT",269
1985-07-01,"NT",297
1985-08-01,"NT",280
1985-09-01,"NT",237
1985-10-01,"NT",285
1985-11-01,"NT",247
1985-12-01,"NT",235
1986-01-01,"NT",288
1986-02-01,"NT",264
1986-03-01,"NT",295
1986-04-01,"NT",295
1986-05-01,"NT",313
1986-06-01,"NT",304
1986-07-01,"NT",245
1986-08-01,"NT",273
1986-09-01,"NT",251
1986-10-01,"NT",277
1986-11-01,"NT",267
1986-12-01,"NT",286
1987-01-01,"NT",286
1987-02-01,"NT",239
1987-03-01,"NT",342
1987-04-01,"NT",305
1987-05-01,"NT",279
1987-06-01,"NT",288
1987-07-01,"NT",300
1987-08-01,"NT",224
1987-09-01,"NT",258
1987-10-01,"NT",259
1987-11-01,"NT",272
1987-12-01,"NT",275
1988-01-01,"NT",285
1988-02-01,"NT",297
1988-03-01,"NT",307
1988-04-01,"NT",289
1988-05-01,"NT",291
1988-06-01,"NT",293
1988-07-01,"NT",284
1988-08-01,"NT",280
1988-09-01,"NT",275
1988-10-01,"NT",272
1988-11-01,"NT",280
1988-12-01,"NT",279
1989-01-01,"NT",301
1989-02-01,"NT",257
1989-03-01,"NT",261
1989-04-01,"NT",313
1989-05-01,"NT",332
1989-06-01,"NT",264
1989-07-01,"NT",267
1989-08-01,"NT",301
1989-09-01,"NT",288
1989-10-01,"NT",297
1989-11-01,"NT",287
1989-12-01,"NT",285
1990-01-01,"NT",263
1990-02-01,"NT",257
1990-03-01,"NT",328
1990-04-01,"NT",310
1990-05-01,"NT",306
1990-06-01,"NT",332
1990-07-01,"NT",286
1990-08-01,"NT",328
1990-09-01,"NT",255
1990-10-01,"NT",296
1990-11-01,"NT",276
1990-12-01,"NT",281
1991-01-01,"NT",307
1991-02-01,"NT",282
1991-03-01,"NT",313
1991-04-01,"NT",355
1991-05-01,"NT",348
1991-06-01,"NT",311
1991-07-01,"NT",320
1991-08-01,"NT",297
1991-09-01,"NT",265
1991-10-01,"NT",290
1991-11-01,"NT",273
1991-12-01,"NT",291
1992-01-01,"NT",310
1992-02-01,"NT",300
1992-03-01,"NT",337
1992-04-01,"NT",334
1992-05-01,"NT",341
1992-06-01,"NT",358
1992-07-01,"NT",316
1992-08-01,"NT",273
1992-09-01,"NT",274
1992-10-01,"NT",315
1992-11-01,"NT",289
1992-12-01,"NT",299
1993-01-01,"NT",279
1993-02-01,"NT",270
1993-03-01,"NT",368
1993-04-01,"NT",317
1993-05-01,"NT",317
1993-06-01,"NT",299
1993-07-01,"NT",317
1993-08-01,"NT",306
1993-09-01,"NT",279
1993-10-01,"NT",302
1993-11-01,"NT",296
1993-12-01,"NT",325
1994-01-01,"NT",290
1994-02-01,"NT",316
1994-03-01,"NT",324
1994-04-01,"NT",306
1994-05-01,"NT",337
1994-06-01,"NT",288
1994-07-01,"NT",286
1994-08-01,"NT",298
1994-09-01,"NT",291
1994-10-01,"NT",301
1994-11-01,"NT",281
1994-12-01,"NT",299
1995-01-01,"NT",342
1995-02-01,"NT",308
1995-03-01,"NT",351
1995-04-01,"NT",299
1995-05-01,"NT",336
1995-06-01,"NT",344
1995-07-01,"NT",314
1995-08-01,"NT",322
1995-09-01,"NT",297
1995-10-01,"NT",307
1995-11-01,"NT",275
1995-12-01,"NT",256
1996-01-01,"NT",278
1996-02-01,"NT",298
1996-03-01,"NT",344
1996-04-01,"NT",308
1996-05-01,"NT",316
1996-06-01,"NT",313
1996-07-01,"NT",310
1996-08-01,"NT",290
1996-09-01,"NT",295
1996-10-01,"NT",294
1996-11-01,"NT",254
1996-12-01,"NT",298
1997-01-01,"NT",305
1997-02-01,"NT",299
1997-03-01,"NT",305
1997-04-01,"NT",313
1997-05-01,"NT",287
1997-06-01,"NT",311
1997-07-01,"NT",310
1997-08-01,"NT",292
1997-09-01,"NT",291
1997-10-01,"NT",289
1997-11-01,"NT",261
1997-12-01,"NT",313
1998-01-01,"NT",318
1998-02-01,"NT",300
1998-03-01,"NT",349
1998-04-01,"NT",321
1998-05-01,"NT",317
1998-06-01,"NT",297
1998-07-01,"NT",306
1998-08-01,"NT",285
1998-09-01,"NT",281
1998-10-01,"NT",285
1998-11-01,"NT",271
1998-12-01,"NT",251
1999-01-01,"NT",330
1999-02-01,"NT",296
1999-03-01,"NT",329
1999-04-01,"NT",328
1999-05-01,"NT",354
1999-06-01,"NT",296
1999-07-01,"NT",292
1999-08-01,"NT",311
1999-09-01,"NT",267
1999-10-01,"NT",288
1999-11-01,"NT",262
1999-12-01,"NT",287
2000-01-01,"NT",313
2000-02-01,"NT",312
2000-03-01,"NT",332
2000-04-01,"NT",337
2000-05-01,"NT",324
2000-06-01,"NT",304
2000-07-01,"NT",273
2000-08-01,"NT",282
2000-09-01,"NT",307
2000-10-01,"NT",307
2000-11-01,"NT",268
2000-12-01,"NT",317
2001-01-01,"NT",335
2001-02-01,"NT",301
2001-03-01,"NT",326
2001-04-01,"NT",352
2001-05-01,"NT",346
2001-06-01,"NT",317
2001-07-01,"NT",298
2001-08-01,"NT",306
2001-09-01,"NT",311
2001-10-01,"NT",301
2001-11-01,"NT",292
2001-12-01,"NT",314
2002-01-01,"NT",332
2002-02-01,"NT",283
2002-03-01,"NT",353
2002-04-01,"NT",325
2002-05-01,"NT",315
2002-06-01,"NT",315
2002-07-01,"NT",327
2002-08-01,"NT",302
2002-09-01,"NT",322
2002-10-01,"NT",319
2002-11-01,"NT",264
2002-12-01,"NT",318
2003-01-01,"NT",327
2003-02-01,"NT",335
2003-03-01,"NT",354
2003-04-01,"NT",292
2003-05-01,"NT",358
2003-06-01,"NT",312
2003-07-01,"NT",300
2003-08-01,"NT",286
2003-09-01,"NT",285
2003-10-01,"NT",319
2003-11-01,"NT",267
2003-12-01,"NT",305
2004-01-01,"NT",301
2004-02-01,"NT",299
2004-03-01,"NT",349
2004-04-01,"NT",333
2004-05-01,"NT",274
2004-06-01,"NT",307
2004-07-01,"NT",309
2004-08-01,"NT",275
2004-09-01,"NT",281
2004-10-01,"NT",270
2004-11-01,"NT",270
2004-12-01,"NT",269
2005-01-01,"NT",283
2005-02-01,"NT",282
2005-03-01,"NT",321
2005-04-01,"NT",301
2005-05-01,"NT",344
2005-06-01,"NT",316
2005-07-01,"NT",318
2005-08-01,"NT",320
2005-09-01,"NT",329
2005-10-01,"NT",313
2005-11-01,"NT",300
2005-12-01,"NT",261
2006-01-01,"NT",307
2006-02-01,"NT",315
2006-03-01,"NT",327
2006-04-01,"NT",330
2006-05-01,"NT",330
2006-06-01,"NT",297
2006-07-01,"NT",297
2006-08-01,"NT",287
2006-09-01,"NT",301
2006-10-01,"NT",304
2006-11-01,"NT",314
2006-12-01,"NT",310
2007-01-01,"NT",314
2007-02-01,"NT",302
2007-03-01,"NT",377
2007-04-01,"NT",348
2007-05-01,"NT",325
2007-06-01,"NT",303
2007-07-01,"NT",313
2007-08-01,"NT",319
2007-09-01,"NT",303
2007-10-01,"NT",305
2007-11-01,"NT",332
2007-12-01,"NT",312
2008-01-01,"NT",350
2008-02-01,"NT",309
2008-03-01,"NT",342
2008-04-01,"NT",326
2008-05-01,"NT",338
2008-06-01,"NT",334
2008-07-01,"NT",327
2008-08-01,"NT",328
2008-09-01,"NT",325
2008-10-01,"NT",303
2008-11-01,"NT",283
2008-12-01,"NT",298
2009-01-01,"NT",326
2009-02-01,"NT",324
2009-03-01,"NT",331
2009-04-01,"NT",368
2009-05-01,"NT",343
2009-06-01,"NT",337
2009-07-01,"NT",333
2009-08-01,"NT",296
2009-09-01,"NT",299
2009-10-01,"NT",335
2009-11-01,"NT",309
2009-12-01,"NT",332
2010-01-01,"NT",310
2010-02-01,"NT",305
2010-03-01,"NT",384
2010-04-01,"NT",332
2010-05-01,"NT",351
2010-06-01,"NT",315
2010-07-01,"NT",328
2010-08-01,"NT",300
2010-09-01,"NT",344
2010-10-01,"NT",308
2010-11-01,"NT",298
2010-12-01,"NT",315
2011-01-01,"NT",309
2011-02-01,"NT",319
2011-03-01,"NT",358
2011-04-01,"NT",341
2011-05-01,"NT",338
2011-06-01,"NT",371
2011-07-01,"NT",343
2011-08-01,"NT",353
2011-09-01,"NT",302
2011-10-01,"NT",314
2011-11-01,"NT",288
2011-12-01,"NT",291
2012-01-01,"NT",338
2012-02-01,"NT",340
2012-03-01,"NT",368
2012-04-01,"NT",339
2012-05-01,"NT",387
2012-06-01,"NT",362
2012-07-01,"NT",352
2012-08-01,"NT",341
2012-09-01,"NT",313
2012-10-01,"NT",320
2012-11-01,"NT",304
2012-12-01,"NT",318
2013-01-01,"NT",360
2013-02-01,"NT",337
2013-03-01,"NT",328
2013-04-01,"NT",357
2013-05-01,"NT",366
2013-06-01,"NT",359
2013-07-01,"NT",331
2013-08-01,"NT",317
2013-09-01,"NT",315
2013-10-01,"NT",315
2013-11-01,"NT",329
2013-12-01,"NT",339
2014-01-01,"NT",319
2014-02-01,"NT",307
2014-03-01,"NT",379
2014-04-01,"NT",350
2014-05-01,"NT",370
2014-06-01,"NT",326
2014-07-01,"NT",334
2014-08-01,"NT",323
2014-09-01,"NT",317
2014-10-01,"NT",324
2014-11-01,"NT",316
2014-12-01,"NT",324
2015-01-01,"NT",347
2015-02-01,"NT",308
2015-03-01,"NT",408
2015-04-01,"NT",368
2015-05-01,"NT",367
2015-06-01,"NT",356
2015-07-01,"NT",335
2015-08-01,"NT",315
2015-09-01,"NT",314
2015-10-01,"NT",332
2015-11-01,"NT",292
2015-12-01,"NT",307
2016-01-01,"NT",332
2016-02-01,"NT",349
2016-03-01,"NT",353
2016-04-01,"NT",365
2016-05-01,"NT",359
2016-06-01,"NT",335
2016-07-01,"NT",310
2016-08-01,"NT",303
2016-09-01,"NT",345
2016-10-01,"NT",316
2016-11-01,"NT",313
2016-12-01,"NT",348
2017-01-01,"NT",336
2017-02-01,"NT",323
2017-03-01,"NT",335
2017-04-01,"NT",369
2017-05-01,"NT",367
2017-06-01,"NT",334
2017-07-01,"NT",299
2017-08-01,"NT",296
2017-09-01,"NT",297
2017-10-01,"NT",305
2017-11-01,"NT",286
2017-12-01,"NT",318
2018-01-01,"NT",321
2018-02-01,"NT",300
2018-03-01,"NT",346
2018-04-01,"NT",321
2018-05-01,"NT",367
2018-06-01,"NT",308
2018-07-01,"NT",315
2018-08-01,"NT",316
2018-09-01,"NT",273
2018-10-01,"NT",297
2018-11-01,"NT",314
2018-12-01,"NT",288
2019-01-01,"NT",308
2019-02-01,"NT",325
2019-03-01,"NT",325
2019-04-01,"NT",312
2019-05-01,"NT",312
2019-06-01,"NT",287
2019-07-01,"NT",290
2019-08-01,"NT",297
2019-09-01,"NT",293
2019-10-01,"NT",261
2019-11-01,"NT",277
2019-12-01,"NT",302
2020-01-01,"NT",318
2020-02-01,"NT",292
2020-03-01,"NT",325
2020-04-01,"NT",315
2020-05-01,"NT",320
2020-06-01,"NT",321
2020-07-01,"NT",346
2020-08-01,"NT",280
2020-09-01,"NT",280
2020-10-01,"NT",314
2020-11-01,"NT",253
2020-12-01,"NT",308
2021-01-01,"NT",349
2021-02-01,"NT",338
2021-03-01,"NT",342
2021-04-01,"NT",350
2021-05-01,"NT",355
2021-06-01,"NT",299
2021-07-01,"NT",301
2021-08-01,"NT",296
2021-09-01,"NT",271
2021-10-01,"NT",323
2021-11-01,"NT",283
2021-12-01,"NT",298
1975-01-01,"QLD",3193
1975-02-01,"QLD",3004
1975-03-01,"QLD",3264
1975-04-01,"QLD",3041
1975-05-01,"QLD",3145
1975-06-01,"QLD",3027
1975-07-01,"QLD",3193
1975-08-01,"QLD",2918
1975-09-01,"QLD",2923
1975-10-01,"QLD",2901
1975-11-01,"QLD",2838
1975-12-01,"QLD",2831
1976-01-01,"QLD",2994
1976-02-01,"QLD",2938
1976-03-01,"QLD",3176
1976-04-01,"QLD",3073
1976-05-01,"QLD",2979
1976-06-01,"QLD",2874
1976-07-01,"QLD",2940
1976-08-01,"QLD",2890
1976-09-01,"QLD",2838
1976-10-01,"QLD",2773
1976-11-01,"QLD",2897
1976-12-01,"QLD",2769
1977-01-01,"QLD",2922
1977-02-01,"QLD",2873
1977-03-01,"QLD",3247
1977-04-01,"QLD",2960
1977-05-01,"QLD",3034
1977-06-01,"QLD",3053
1977-07-01,"QLD",3095
1977-08-01,"QLD",2832
1977-09-01,"QLD",2833
1977-10-01,"QLD",2773
1977-11-01,"QLD",2796
1977-12-01,"QLD",2804
1978-01-01,"QLD",2833
1978-02-01,"QLD",2861
1978-03-01,"QLD",3226
1978-04-01,"QLD",2995
1978-05-01,"QLD",3076
1978-06-01,"QLD",2891
1978-07-01,"QLD",2791
1978-08-01,"QLD",2945
1978-09-01,"QLD",2933
1978-10-01,"QLD",2807
1978-11-01,"QLD",2641
1978-12-01,"QLD",2754
1979-01-01,"QLD",2863
1979-02-01,"QLD",2880
1979-03-01,"QLD",3276
1979-04-01,"QLD",3061
1979-05-01,"QLD",3231
1979-06-01,"QLD",2972
1979-07-01,"QLD",2936
1979-08-01,"QLD",2904
1979-09-01,"QLD",2864
1979-10-01,"QLD",2791
1979-11-01,"QLD",2767
1979-12-01,"QLD",2696
1980-01-01,"QLD",2952
1980-02-01,"QLD",2947
1980-03-01,"QLD",3185
1980-04-01,"QLD",3047
1980-05-01,"QLD",3292
1980-06-01,"QLD",3105
1980-07-01,"QLD",3072
1980-08-01,"QLD",2866
1980-09-01,"QLD",2828
1980-10-01,"QLD",2819
1980-11-01,"QLD",2598
1980-12-01,"QLD",3138
1981-01-01,"QLD",3233
1981-02-01,"QLD",3126
1981-03-01,"QLD",3482
1981-04-01,"QLD",3464
1981-05-01,"QLD",3440
1981-06-01,"QLD",3350
1981-07-01,"QLD",3256
1981-08-01,"QLD",3387
1981-09-01,"QLD",3241
1981-10-01,"QLD",3270
1981-11-01,"QLD",2842
1981-12-01,"QLD",3215
1982-01-01,"QLD",3292
1982-02-01,"QLD",3236
1982-03-01,"QLD",3709
1982-04-01,"QLD",3429
1982-05-01,"QLD",3469
1982-06-01,"QLD",3522
1982-07-01,"QLD",3372
1982-08-01,"QLD",3569
1982-09-01,"QLD",3329
1982-10-01,"QLD",3252
1982-11-01,"QLD",3189
1982-12-01,"QLD",3282
1983-01-01,"QLD",3541
1983-02-01,"QLD",3470
1983-03-01,"QLD",3987
1983-04-01,"QLD",3712
1983-05-01,"QLD",3663
1983-06-01,"QLD",3520
1983-07-01,"QLD",3594
1983-08-01,"QLD",3553
1983-09-01,"QLD",3415
1983-10-01,"QLD",3317
1983-11-01,"QLD",3133
1983-12-01,"QLD",3168
1984-01-01,"QLD",3388
1984-02-01,"QLD",3244
1984-03-01,"QLD",3698
1984-04-01,"QLD",3394
1984-05-01,"QLD",3511
1984-06-01,"QLD",3364
1984-07-01,"QLD",3404
1984-08-01,"QLD",3534
1984-09-01,"QLD",3318
1984-10-01,"QLD",3294
1984-11-01,"QLD",3086
1984-12-01,"QLD",3187
1985-01-01,"QLD",3476
1985-02-01,"QLD",3256
1985-03-01,"QLD",3637
1985-04-01,"QLD",3455
1985-05-01,"QLD",3476
1985-06-01,"QLD",3320
1985-07-01,"QLD",3460
1985-08-01,"QLD",3346
1985-09-01,"QLD",3263
1985-10-01,"QLD",3241
1985-11-01,"QLD",3226
1985-12-01,"QLD",3182
1986-01-01,"QLD",3366
1986-02-01,"QLD",3143
1986-03-01,"QLD",3699
1986-04-01,"QLD",3411
1986-05-01,"QLD",3599
1986-06-01,"QLD",3429
1986-07-01,"QLD",3569
1986-08-01,"QLD",3448
1986-09-01,"QLD",3337
1986-10-01,"QLD",3363
1986-11-01,"QLD",3043
1986-12-01,"QLD",3302
1987-01-01,"QLD",3308
1987-02-01,"QLD",3077
1987-03-01,"QLD",3592
1987-04-01,"QLD",3523
1987-05-01,"QLD",3347
1987-06-01,"QLD",3252
1987-07-01,"QLD",3497
1987-08-01,"QLD",3367
1987-09-01,"QLD",3354
1987-10-01,"QLD",3139
1987-11-01,"QLD",2998
1987-12-01,"QLD",3264
1988-01-01,"QLD",3231
1988-02-01,"QLD",3215
1988-03-01,"QLD",3634
1988-04-01,"QLD",3439
1988-05-01,"QLD",3545
1988-06-01,"QLD",3468
1988-07-01,"QLD",3561
1988-08-01,"QLD",3514
1988-09-01,"QLD",3525
1988-10-01,"QLD",3441
1988-11-01,"QLD",3367
1988-12-01,"QLD",3537
1989-01-01,"QLD",3312
1989-02-01,"QLD",3338
1989-03-01,"QLD",3761
1989-04-01,"QLD",3445
1989-05-01,"QLD",3660
1989-06-01,"QLD",3607
1989-07-01,"QLD",3731
1989-08-01,"QLD",3762
1989-09-01,"QLD",3698
1989-10-01,"QLD",3592
1989-11-01,"QLD",3508
1989-12-01,"QLD",3539
1990-01-01,"QLD",3574
1990-02-01,"QLD",3455
1990-03-01,"QLD",3977
1990-04-01,"QLD",3691
1990-05-01,"QLD",4004
1990-06-01,"QLD",3794
1990-07-01,"QLD",3940
1990-08-01,"QLD",3892
1990-09-01,"QLD",3836
1990-10-01,"QLD",3837
1990-11-01,"QLD",3485
1990-12-01,"QLD",3642
1991-01-01,"QLD",3676
1991-02-01,"QLD",3489
1991-03-01,"QLD",3945
1991-04-01,"QLD",3839
1991-05-01,"QLD",3920
1991-06-01,"QLD",3788
1991-07-01,"QLD",3920
1991-08-01,"QLD",3814
1991-09-01,"QLD",3781
1991-10-01,"QLD",3649
1991-11-01,"QLD",3386
1991-12-01,"QLD",3667
1992-01-01,"QLD",3845
1992-02-01,"QLD",3773
1992-03-01,"QLD",4085
1992-04-01,"QLD",3912
1992-05-01,"QLD",4125
1992-06-01,"QLD",3967
1992-07-01,"QLD",4000
1992-08-01,"QLD",3887
1992-09-01,"QLD",3948
1992-10-01,"QLD",3870
1992-11-01,"QLD",3659
1992-12-01,"QLD",3681
1993-01-01,"QLD",3845
1993-02-01,"QLD",3586
1993-03-01,"QLD",4268
1993-04-01,"QLD",3941
1993-05-01,"QLD",4118
1993-06-01,"QLD",4014
1993-07-01,"QLD",4054
1993-08-01,"QLD",4101
1993-09-01,"QLD",4008
1993-10-01,"QLD",4099
1993-11-01,"QLD",3630
1993-12-01,"QLD",3875
1994-01-01,"QLD",3859
1994-02-01,"QLD",3766
1994-03-01,"QLD",4301
1994-04-01,"QLD",3914
1994-05-01,"QLD",4073
1994-06-01,"QLD",3951
1994-07-01,"QLD",4123
1994-08-01,"QLD",4066
1994-09-01,"QLD",4002
1994-10-01,"QLD",4040
1994-11-01,"QLD",3836
1994-12-01,"QLD",3969
1995-01-01,"QLD",4061
1995-02-01,"QLD",3823
1995-03-01,"QLD",4390
1995-04-01,"QLD",3967
1995-05-01,"QLD",4247
1995-06-01,"QLD",4007
1995-07-01,"QLD",4150
1995-08-01,"QLD",4141
1995-09-01,"QLD",4127
1995-10-01,"QLD",4079
1995-11-01,"QLD",3750
1995-12-01,"QLD",3613
1996-01-01,"QLD",3925
1996-02-01,"QLD",3889
1996-03-01,"QLD",4169
1996-04-01,"QLD",3960
1996-05-01,"QLD",4174
1996-06-01,"QLD",3902
1996-07-01,"QLD",4096
1996-08-01,"QLD",4139
1996-09-01,"QLD",4117
1996-10-01,"QLD",3992
1996-11-01,"QLD",3672
1996-12-01,"QLD",3838
1997-01-01,"QLD",3843
1997-02-01,"QLD",3610
1997-03-01,"QLD",4066
1997-04-01,"QLD",4049
1997-05-01,"QLD",4164
1997-06-01,"QLD",4097
1997-07-01,"QLD",4270
1997-08-01,"QLD",4138
1997-09-01,"QLD",4082
1997-10-01,"QLD",4098
1997-11-01,"QLD",3631
1997-12-01,"QLD",3854
1998-01-01,"QLD",4029
1998-02-01,"QLD",3793
1998-03-01,"QLD",4246
1998-04-01,"QLD",4148
1998-05-01,"QLD",4084
1998-06-01,"QLD",3923
1998-07-01,"QLD",4269
1998-08-01,"QLD",4082
1998-09-01,"QLD",4047
1998-10-01,"QLD",3980
1998-11-01,"QLD",3621
1998-12-01,"QLD",3729
1999-01-01,"QLD",3994
1999-02-01,"QLD",3820
1999-03-01,"QLD",4410
1999-04-01,"QLD",4093
1999-05-01,"QLD",4065
1999-06-01,"QLD",3981
1999-07-01,"QLD",4248
1999-08-01,"QLD",4188
1999-09-01,"QLD",4155
1999-10-01,"QLD",3846
1999-11-01,"QLD",3697
1999-12-01,"QLD",3953
2000-01-01,"QLD",4101
2000-02-01,"QLD",3866
2000-03-01,"QLD",4400
2000-04-01,"QLD",3901
2000-05-01,"QLD",4239
2000-06-01,"QLD",4019
2000-07-01,"QLD",3986
2000-08-01,"QLD",4199
2000-09-01,"QLD",4271
2000-10-01,"QLD",4272
2000-11-01,"QLD",3915
2000-12-01,"QLD",3734
2001-01-01,"QLD",4025
2001-02-01,"QLD",3817
2001-03-01,"QLD",4320
2001-04-01,"QLD",4222
2001-05-01,"QLD",4473
2001-06-01,"QLD",4037
2001-07-01,"QLD",4157
2001-08-01,"QLD",4432
2001-09-01,"QLD",4174
2001-10-01,"QLD",4212
2001-11-01,"QLD",3874
2001-12-01,"QLD",3816
2002-01-01,"QLD",4102
2002-02-01,"QLD",3867
2002-03-01,"QLD",4292
2002-04-01,"QLD",4202
2002-05-01,"QLD",4179
2002-06-01,"QLD",3960
2002-07-01,"QLD",4351
2002-08-01,"QLD",4097
2002-09-01,"QLD",4111
2002-10-01,"QLD",4019
2002-11-01,"QLD",3864
2002-12-01,"QLD",3936
2003-01-01,"QLD",4121
2003-02-01,"QLD",3841
2003-03-01,"QLD",4292
2003-04-01,"QLD",4122
2003-05-01,"QLD",4199
2003-06-01,"QLD",4283
2003-07-01,"QLD",4421
2003-08-01,"QLD",4231
2003-09-01,"QLD",4290
2003-10-01,"QLD",4404
2003-11-01,"QLD",3889
2003-12-01,"QLD",4128
2004-01-01,"QLD",4305
2004-02-01,"QLD",4042
2004-03-01,"QLD",4603
2004-04-01,"QLD",4383
2004-05-01,"QLD",4226
2004-06-01,"QLD",3943
2004-07-01,"QLD",4609
2004-08-01,"QLD",4238
2004-09-01,"QLD",4366
2004-10-01,"QLD",4108
2004-11-01,"QLD",3933
2004-12-01,"QLD",4116
2005-01-01,"QLD",4333
2005-02-01,"QLD",4220
2005-03-01,"QLD",4893
2005-04-01,"QLD",4842
2005-05-01,"QLD",4863
2005-06-01,"QLD",4596
2005-07-01,"QLD",4777
2005-08-01,"QLD",4687
2005-09-01,"QLD",4721
2005-10-01,"QLD",4545
2005-11-01,"QLD",4326
2005-12-01,"QLD",4600
2006-01-01,"QLD",4665
2006-02-01,"QLD",4403
2006-03-01,"QLD",5145
2006-04-01,"QLD",4587
2006-05-01,"QLD",4815
2006-06-01,"QLD",4658
2006-07-01,"QLD",4932
2006-08-01,"QLD",4777
2006-09-01,"QLD",4822
2006-10-01,"QLD",4763
2006-11-01,"QLD",4511
2006-12-01,"QLD",4543
2007-01-01,"QLD",5080
2007-02-01,"QLD",4675
2007-03-01,"QLD",5290
2007-04-01,"QLD",4969
2007-05-01,"QLD",5213
2007-06-01,"QLD",4857
2007-07-01,"QLD",5253
2007-08-01,"QLD",5258
2007-09-01,"QLD",5119
2007-10-01,"QLD",5106
2007-11-01,"QLD",4639
2007-12-01,"QLD",4740
2008-01-01,"QLD",5190
2008-02-01,"QLD",4859
2008-03-01,"QLD",5281
2008-04-01,"QLD",5204
2008-05-01,"QLD",5114
2008-06-01,"QLD",4978
2008-07-01,"QLD",5260
2008-08-01,"QLD",5230
2008-09-01,"QLD",5200
2008-10-01,"QLD",5172
2008-11-01,"QLD",4760
2008-12-01,"QLD",5182
2009-01-01,"QLD",5105
2009-02-01,"QLD",4995
2009-03-01,"QLD",5429
2009-04-01,"QLD",5272
2009-05-01,"QLD",5375
2009-06-01,"QLD",5125
2009-07-01,"QLD",5309
2009-08-01,"QLD",5092
2009-09-01,"QLD",5116
2009-10-01,"QLD",5180
2009-11-01,"QLD",4781
2009-12-01,"QLD",5078
2010-01-01,"QLD",5147
2010-02-01,"QLD",5082
2010-03-01,"QLD",5703
2010-04-01,"QLD",5303
2010-05-01,"QLD",5334
2010-06-01,"QLD",5239
2010-07-01,"QLD",5261
2010-08-01,"QLD",5261
2010-09-01,"QLD",5096
2010-10-01,"QLD",4993
2010-11-01,"QLD",4673
2010-12-01,"QLD",4864
2011-01-01,"QLD",5193
2011-02-01,"QLD",4978
2011-03-01,"QLD",5679
2011-04-01,"QLD",5308
2011-05-01,"QLD",5423
2011-06-01,"QLD",5226
2011-07-01,"QLD",5101
2011-08-01,"QLD",5158
2011-09-01,"QLD",5110
2011-10-01,"QLD",4968
2011-11-01,"QLD",4946
2011-12-01,"QLD",4934
2012-01-01,"QLD",5333
2012-02-01,"QLD",5144
2012-03-01,"QLD",5608
2012-04-01,"QLD",5161
2012-05-01,"QLD",5490
2012-06-01,"QLD",5299
2012-07-01,"QLD",5360
2012-08-01,"QLD",5432
2012-09-01,"QLD",5231
2012-10-01,"QLD",5391
2012-11-01,"QLD",5055
2012-12-01,"QLD",5064
2013-01-01,"QLD",5229
2013-02-01,"QLD",4965
2013-03-01,"QLD",5582
2013-04-01,"QLD",5234
2013-05-01,"QLD",5509
2013-06-01,"QLD",5241
2013-07-01,"QLD",5332
2013-08-01,"QLD",5413
2013-09-01,"QLD",5227
2013-10-01,"QLD",5199
2013-11-01,"QLD",4884
2013-12-01,"QLD",5027
2014-01-01,"QLD",5295
2014-02-01,"QLD",5237
2014-03-01,"QLD",5481
2014-04-01,"QLD",5379
2014-05-01,"QLD",5355
2014-06-01,"QLD",5124
2014-07-01,"QLD",5540
2014-08-01,"QLD",5177
2014-09-01,"QLD",5314
2014-10-01,"QLD",5330
2014-11-01,"QLD",4770
2014-12-01,"QLD",5039
2015-01-01,"QLD",5083
2015-02-01,"QLD",4837
2015-03-01,"QLD",5395
2015-04-01,"QLD",5190
2015-05-01,"QLD",5252
2015-06-01,"QLD",5116
2015-07-01,"QLD",5426
2015-08-01,"QLD",5096
2015-09-01,"QLD",5089
2015-10-01,"QLD",5052
2015-11-01,"QLD",4686
2015-12-01,"QLD",4879
2016-01-01,"QLD",5067
2016-02-01,"QLD",5067
2016-03-01,"QLD",5596
2016-04-01,"QLD",5260
2016-05-01,"QLD",5288
2016-06-01,"QLD",5319
2016-07-01,"QLD",5167
2016-08-01,"QLD",5136
2016-09-01,"QLD",5257
2016-10-01,"QLD",5032
2016-11-01,"QLD",4713
2016-12-01,"QLD",4717
2017-01-01,"QLD",4882
2017-02-01,"QLD",4550
2017-03-01,"QLD",5240
2017-04-01,"QLD",4978
2017-05-01,"QLD",5148
2017-06-01,"QLD",5130
2017-07-01,"QLD",5041
2017-08-01,"QLD",5171
2017-09-01,"QLD",4905
2017-10-01,"QLD",4749
2017-11-01,"QLD",4588
2017-12-01,"QLD",4620
2018-01-01,"QLD",5087
2018-02-01,"QLD",4761
2018-03-01,"QLD",5277
2018-04-01,"QLD",4860
2018-05-01,"QLD",5124
2018-06-01,"QLD",5064
2018-07-01,"QLD",4923
2018-08-01,"QLD",5004
2018-09-01,"QLD",4880
2018-10-01,"QLD",4918
2018-11-01,"QLD",4699
2018-12-01,"QLD",4591
2019-01-01,"QLD",4890
2019-02-01,"QLD",4667
2019-03-01,"QLD",5163
2019-04-01,"QLD",5118
2019-05-01,"QLD",5397
2019-06-01,"QLD",4850
2019-07-01,"QLD",5097
2019-08-01,"QLD",4900
2019-09-01,"QLD",4802
2019-10-01,"QLD",4966
2019-11-01,"QLD",4557
2019-12-01,"QLD",4493
2020-01-01,"QLD",4847
2020-02-01,"QLD",4561
2020-03-01,"QLD",5152
2020-04-01,"QLD",4915
2020-05-01,"QLD",5096
2020-06-01,"QLD",4988
2020-07-01,"QLD",5026
2020-08-01,"QLD",4845
2020-09-01,"QLD",4841
2020-10-01,"QLD",4703
2020-11-01,"QLD",4402
2020-12-01,"QLD",4539
2021-01-01,"QLD",4996
2021-02-01,"QLD",5026
2021-03-01,"QLD",5664
2021-04-01,"QLD",5347
2021-05-01,"QLD",5256
2021-06-01,"QLD",5259
2021-07-01,"QLD",5305
2021-08-01,"QLD",5152
2021-09-01,"QLD",5056
2021-10-01,"QLD",4959
2021-11-01,"QLD",4647
2021-12-01,"QLD",4742
1975-01-01,"SA",1739
1975-02-01,"SA",1612
1975-03-01,"SA",1690
1975-04-01,"SA",1618
1975-05-01,"SA",1631
1975-06-01,"SA",1650
1975-07-01,"SA",1600
1975-08-01,"SA",1569
1975-09-01,"SA",1612
1975-10-01,"SA",1683
1975-11-01,"SA",1519
1975-12-01,"SA",1672
1976-01-01,"SA",1650
1976-02-01,"SA",1542
1976-03-01,"SA",1706
1976-04-01,"SA",1570
1976-05-01,"SA",1651
1976-06-01,"SA",1553
1976-07-01,"SA",1539
1976-08-01,"SA",1537
1976-09-01,"SA",1538
1976-10-01,"SA",1670
1976-11-01,"SA",1487
1976-12-01,"SA",1624
1977-01-01,"SA",1559
1977-02-01,"SA",1467
1977-03-01,"SA",1678
1977-04-01,"SA",1586
1977-05-01,"SA",1756
1977-06-01,"SA",1626
1977-07-01,"SA",1699
1977-08-01,"SA",1650
1977-09-01,"SA",1589
1977-10-01,"SA",1570
1977-11-01,"SA",1451
1977-12-01,"SA",1552
1978-01-01,"SA",1622
1978-02-01,"SA",1477
1978-03-01,"SA",1661
1978-04-01,"SA",1555
1978-05-01,"SA",1550
1978-06-01,"SA",1467
1978-07-01,"SA",1472
1978-08-01,"SA",1569
1978-09-01,"SA",1554
1978-10-01,"SA",1588
1978-11-01,"SA",1437
1978-12-01,"SA",1475
1979-01-01,"SA",1505
1979-02-01,"SA",1457
1979-03-01,"SA",1631
1979-04-01,"SA",1592
1979-05-01,"SA",1637
1979-06-01,"SA",1472
1979-07-01,"SA",1532
1979-08-01,"SA",1508
1979-09-01,"SA",1484
1979-10-01,"SA",1506
1979-11-01,"SA",1463
1979-12-01,"SA",1449
1980-01-01,"SA",1520
1980-02-01,"SA",1521
1980-03-01,"SA",1587
1980-04-01,"SA",1563
1980-05-01,"SA",1614
1980-06-01,"SA",1435
1980-07-01,"SA",1544
1980-08-01,"SA",1556
1980-09-01,"SA",1599
1980-10-01,"SA",1627
1980-11-01,"SA",1426
1980-12-01,"SA",1531
1981-01-01,"SA",1583
1981-02-01,"SA",1442
1981-03-01,"SA",1704
1981-04-01,"SA",1623
1981-05-01,"SA",1689
1981-06-01,"SA",1598
1981-07-01,"SA",1602
1981-08-01,"SA",1535
1981-09-01,"SA",1693
1981-10-01,"SA",1605
1981-11-01,"SA",1503
1981-12-01,"SA",1516
1982-01-01,"SA",1569
1982-02-01,"SA",1503
1982-03-01,"SA",1723
1982-04-01,"SA",1580
1982-05-01,"SA",1618
1982-06-01,"SA",1603
1982-07-01,"SA",1648
1982-08-01,"SA",1642
1982-09-01,"SA",1680
1982-10-01,"SA",1646
1982-11-01,"SA",1457
1982-12-01,"SA",1506
1983-01-01,"SA",1660
1983-02-01,"SA",1578
1983-03-01,"SA",1766
1983-04-01,"SA",1558
1983-05-01,"SA",1676
1983-06-01,"SA",1657
1983-07-01,"SA",1693
1983-08-01,"SA",1708
1983-09-01,"SA",1712
1983-10-01,"SA",1741
1983-11-01,"SA",1557
1983-12-01,"SA",1590
1984-01-01,"SA",1742
1984-02-01,"SA",1672
1984-03-01,"SA",1813
1984-04-01,"SA",1637
1984-05-01,"SA",1699
1984-06-01,"SA",1679
1984-07-01,"SA",1757
1984-08-01,"SA",1731
1984-09-01,"SA",1602
1984-10-01,"SA",1710
1984-11-01,"SA",1575
1984-12-01,"SA",1579
1985-01-01,"SA",1694
1985-02-01,"SA",1543
1985-03-01,"SA",1721
1985-04-01,"SA",1687
1985-05-01,"SA",1769
1985-06-01,"SA",1549
1985-07-01,"SA",1628
1985-08-01,"SA",1684
1985-09-01,"SA",1720
1985-10-01,"SA",1758
1985-11-01,"SA",1549
1985-12-01,"SA",1521
1986-01-01,"SA",1687
1986-02-01,"SA",1534
1986-03-01,"SA",1755
1986-04-01,"SA",1637
1986-05-01,"SA",1668
1986-06-01,"SA",1597
1986-07-01,"SA",1664
1986-08-01,"SA",1656
1986-09-01,"SA",1661
1986-10-01,"SA",1713
1986-11-01,"SA",1564
1986-12-01,"SA",1607
1987-01-01,"SA",1650
1987-02-01,"SA",1481
1987-03-01,"SA",1710
1987-04-01,"SA",1578
1987-05-01,"SA",1592
1987-06-01,"SA",1624
1987-07-01,"SA",1674
1987-08-01,"SA",1568
1987-09-01,"SA",1744
1987-10-01,"SA",1706
1987-11-01,"SA",1427
1987-12-01,"SA",1518
1988-01-01,"SA",1534
1988-02-01,"SA",1537
1988-03-01,"SA",1709
1988-04-01,"SA",1562
1988-05-01,"SA",1651
1988-06-01,"SA",1657
1988-07-01,"SA",1523
1988-08-01,"SA",1702
1988-09-01,"SA",1633
1988-10-01,"SA",1685
1988-11-01,"SA",1601
1988-12-01,"SA",1586
1989-01-01,"SA",1624
1989-02-01,"SA",1561
1989-03-01,"SA",1717
1989-04-01,"SA",1605
1989-05-01,"SA",1663
1989-06-01,"SA",1617
1989-07-01,"SA",1630
1989-08-01,"SA",1649
1989-09-01,"SA",1672
1989-10-01,"SA",1681
1989-11-01,"SA",1601
1989-12-01,"SA",1615
1990-01-01,"SA",1595
1990-02-01,"SA",1563
1990-03-01,"SA",1788
1990-04-01,"SA",1621
1990-05-01,"SA",1666
1990-06-01,"SA",1637
1990-07-01,"SA",1717
1990-08-01,"SA",1703
1990-09-01,"SA",1605
1990-10-01,"SA",1757
1990-11-01,"SA",1576
1990-12-01,"SA",1583
1991-01-01,"SA",1680
1991-02-01,"SA",1486
1991-03-01,"SA",1677
1991-04-01,"SA",1616
1991-05-01,"SA",1640
1991-06-01,"SA",1628
1991-07-01,"SA",1674
1991-08-01,"SA",1642
1991-09-01,"SA",1646
1991-10-01,"SA",1695
1991-11-01,"SA",1535
1991-12-01,"SA",1640
1992-01-01,"SA",1672
1992-02-01,"SA",1638
1992-03-01,"SA",1701
1992-04-01,"SA",1653
1992-05-01,"SA",1688
1992-06-01,"SA",1605
1992-07-01,"SA",1761
1992-08-01,"SA",1645
1992-09-01,"SA",1664
1992-10-01,"SA",1720
1992-11-01,"SA",1550
1992-12-01,"SA",1611
1993-01-01,"SA",1668
1993-02-01,"SA",1572
1993-03-01,"SA",1726
1993-04-01,"SA",1690
1993-05-01,"SA",1668
1993-06-01,"SA",1683
1993-07-01,"SA",1724
1993-08-01,"SA",1675
1993-09-01,"SA",1691
1993-10-01,"SA",1584
1993-11-01,"SA",1492
1993-12-01,"SA",1594
1994-01-01,"SA",1691
1994-02-01,"SA",1516
1994-03-01,"SA",1763
1994-04-01,"SA",1649
1994-05-01,"SA",1595
1994-06-01,"SA",1592
1994-07-01,"SA",1624
1994-08-01,"SA",1593
1994-09-01,"SA",1716
1994-10-01,"SA",1683
1994-11-01,"SA",1556
1994-12-01,"SA",1626
1995-01-01,"SA",1696
1995-02-01,"SA",1508
1995-03-01,"SA",1730
1995-04-01,"SA",1588
1995-05-01,"SA",1681
1995-06-01,"SA",1648
1995-07-01,"SA",1619
1995-08-01,"SA",1679
1995-09-01,"SA",1706
1995-10-01,"SA",1564
1995-11-01,"SA",1478
1995-12-01,"SA",1538
1996-01-01,"SA",1562
1996-02-01,"SA",1597
1996-03-01,"SA",1634
1996-04-01,"SA",1528
1996-05-01,"SA",1627
1996-06-01,"SA",1553
1996-07-01,"SA",1586
1996-08-01,"SA",1592
1996-09-01,"SA",1613
1996-10-01,"SA",1616
1996-11-01,"SA",1541
1996-12-01,"SA",1483
1997-01-01,"SA",1551
1997-02-01,"SA",1461
1997-03-01,"SA",1586
1997-04-01,"SA",1529
1997-05-01,"SA",1607
1997-06-01,"SA",1474
1997-07-01,"SA",1609
1997-08-01,"SA",1547
1997-09-01,"SA",1578
1997-10-01,"SA",1637
1997-11-01,"SA",1482
1997-12-01,"SA",1471
1998-01-01,"SA",1580
1998-02-01,"SA",1481
1998-03-01,"SA",1608
1998-04-01,"SA",1534
1998-05-01,"SA",1576
1998-06-01,"SA",1470
1998-07-01,"SA",1542
1998-08-01,"SA",1489
1998-09-01,"SA",1704
1998-10-01,"SA",1621
1998-11-01,"SA",1479
1998-12-01,"SA",1474
1999-01-01,"SA",1550
1999-02-01,"SA",1452
1999-03-01,"SA",1639
1999-04-01,"SA",1488
1999-05-01,"SA",1559
1999-06-01,"SA",1567
1999-07-01,"SA",1473
1999-08-01,"SA",1529
1999-09-01,"SA",1627
1999-10-01,"SA",1539
1999-11-01,"SA",1423
1999-12-01,"SA",1452
2000-01-01,"SA",1533
2000-02-01,"SA",1425
2000-03-01,"SA",1558
2000-04-01,"SA",1469
2000-05-01,"SA",1502
2000-06-01,"SA",1482
2000-07-01,"SA",1492
2000-08-01,"SA",1488
2000-09-01,"SA",1449
2000-10-01,"SA",1506
2000-11-01,"SA",1388
2000-12-01,"SA",1348
2001-01-01,"SA",1509
2001-02-01,"SA",1394
2001-03-01,"SA",1516
2001-04-01,"SA",1409
2001-05-01,"SA",1482
2001-06-01,"SA",1410
2001-07-01,"SA",1521
2001-08-01,"SA",1502
2001-09-01,"SA",1524
2001-10-01,"SA",1465
2001-11-01,"SA",1419
2001-12-01,"SA",1401
2002-01-01,"SA",1559
2002-02-01,"SA",1458
2002-03-01,"SA",1581
2002-04-01,"SA",1468
2002-05-01,"SA",1437
2002-06-01,"SA",1353
2002-07-01,"SA",1451
2002-08-01,"SA",1509
2002-09-01,"SA",1546
2002-10-01,"SA",1506
2002-11-01,"SA",1416
2002-12-01,"SA",1329
2003-01-01,"SA",1443
2003-02-01,"SA",1310
2003-03-01,"SA",1465
2003-04-01,"SA",1458
2003-05-01,"SA",1489
2003-06-01,"SA",1481
2003-07-01,"SA",1544
2003-08-01,"SA",1533
2003-09-01,"SA",1594
2003-10-01,"SA",1500
2003-11-01,"SA",1430
2003-12-01,"SA",1446
2004-01-01,"SA",1471
2004-02-01,"SA",1371
2004-03-01,"SA",1340
2004-04-01,"SA",1450
2004-05-01,"SA",1454
2004-06-01,"SA",1281
2004-07-01,"SA",1476
2004-08-01,"SA",1437
2004-09-01,"SA",1424
2004-10-01,"SA",1470
2004-11-01,"SA",1420
2004-12-01,"SA",1413
2005-01-01,"SA",1451
2005-02-01,"SA",1435
2005-03-01,"SA",1639
2005-04-01,"SA",1475
2005-05-01,"SA",1469
2005-06-01,"SA",1553
2005-07-01,"SA",1474
2005-08-01,"SA",1576
2005-09-01,"SA",1567
2005-10-01,"SA",1498
2005-11-01,"SA",1433
2005-12-01,"SA",1449
2006-01-01,"SA",1521
2006-02-01,"SA",1473
2006-03-01,"SA",1604
2006-04-01,"SA",1470
2006-05-01,"SA",1540
2006-06-01,"SA",1469
2006-07-01,"SA",1626
2006-08-01,"SA",1552
2006-09-01,"SA",1653
2006-10-01,"SA",1551
2006-11-01,"SA",1527
2006-12-01,"SA",1493
2007-01-01,"SA",1627
2007-02-01,"SA",1588
2007-03-01,"SA",1680
2007-04-01,"SA",1493
2007-05-01,"SA",1603
2007-06-01,"SA",1627
2007-07-01,"SA",1683
2007-08-01,"SA",1746
2007-09-01,"SA",1566
2007-10-01,"SA",1709
2007-11-01,"SA",1533
2007-12-01,"SA",1633
2008-01-01,"SA",1613
2008-02-01,"SA",1573
2008-03-01,"SA",1722
2008-04-01,"SA",1575
2008-05-01,"SA",1697
2008-06-01,"SA",1545
2008-07-01,"SA",1723
2008-08-01,"SA",1672
2008-09-01,"SA",1680
2008-10-01,"SA",1704
2008-11-01,"SA",1539
2008-12-01,"SA",1642
2009-01-01,"SA",1641
2009-02-01,"SA",1585
2009-03-01,"SA",1682
2009-04-01,"SA",1625
2009-05-01,"SA",1566
2009-06-01,"SA",1654
2009-07-01,"SA",1705
2009-08-01,"SA",1582
2009-09-01,"SA",1678
2009-10-01,"SA",1758
2009-11-01,"SA",1567
2009-12-01,"SA",1588
2010-01-01,"SA",1706
2010-02-01,"SA",1541
2010-03-01,"SA",1765
2010-04-01,"SA",1606
2010-05-01,"SA",1729
2010-06-01,"SA",1617
2010-07-01,"SA",1687
2010-08-01,"SA",1572
2010-09-01,"SA",1668
2010-10-01,"SA",1713
2010-11-01,"SA",1599
2010-12-01,"SA",1571
2011-01-01,"SA",1668
2011-02-01,"SA",1526
2011-03-01,"SA",1704
2011-04-01,"SA",1653
2011-05-01,"SA",1702
2011-06-01,"SA",1644
2011-07-01,"SA",1678
2011-08-01,"SA",1699
2011-09-01,"SA",1728
2011-10-01,"SA",1755
2011-11-01,"SA",1638
2011-12-01,"SA",1645
2012-01-01,"SA",1711
2012-02-01,"SA",1600
2012-03-01,"SA",1681
2012-04-01,"SA",1639
2012-05-01,"SA",1740
2012-06-01,"SA",1626
2012-07-01,"SA",1720
2012-08-01,"SA",1794
2012-09-01,"SA",1681
2012-10-01,"SA",1766
2012-11-01,"SA",1737
2012-12-01,"SA",1653
2013-01-01,"SA",1708
2013-02-01,"SA",1555
2013-03-01,"SA",1766
2013-04-01,"SA",1589
2013-05-01,"SA",1749
2013-06-01,"SA",1639
2013-07-01,"SA",1688
2013-08-01,"SA",1627
2013-09-01,"SA",1663
2013-10-01,"SA",1650
2013-11-01,"SA",1606
2013-12-01,"SA",1638
2014-01-01,"SA",1784
2014-02-01,"SA",1688
2014-03-01,"SA",1789
2014-04-01,"SA",1656
2014-05-01,"SA",1695
2014-06-01,"SA",1657
2014-07-01,"SA",1738
2014-08-01,"SA",1700
2014-09-01,"SA",1690
2014-10-01,"SA",1735
2014-11-01,"SA",1592
2014-12-01,"SA",1685
2015-01-01,"SA",1598
2015-02-01,"SA",1569
2015-03-01,"SA",1669
2015-04-01,"SA",1671
2015-05-01,"SA",1620
2015-06-01,"SA",1622
2015-07-01,"SA",1725
2015-08-01,"SA",1646
2015-09-01,"SA",1659
2015-10-01,"SA",1652
2015-11-01,"SA",1545
2015-12-01,"SA",1723
2016-01-01,"SA",1638
2016-02-01,"SA",1581
2016-03-01,"SA",1746
2016-04-01,"SA",1662
2016-05-01,"SA",1624
2016-06-01,"SA",1606
2016-07-01,"SA",1641
2016-08-01,"SA",1735
2016-09-01,"SA",1639
2016-10-01,"SA",1612
2016-11-01,"SA",1542
2016-12-01,"SA",1575
2017-01-01,"SA",1642
2017-02-01,"SA",1478
2017-03-01,"SA",1716
2017-04-01,"SA",1560
2017-05-01,"SA",1598
2017-06-01,"SA",1591
2017-07-01,"SA",1558
2017-08-01,"SA",1622
2017-09-01,"SA",1641
2017-10-01,"SA",1575
2017-11-01,"SA",1496
2017-12-01,"SA",1493
2018-01-01,"SA",1662
2018-02-01,"SA",1476
2018-03-01,"SA",1606
2018-04-01,"SA",1574
2018-05-01,"SA",1510
2018-06-01,"SA",1575
2018-07-01,"SA",1527
2018-08-01,"SA",1614
2018-09-01,"SA",1504
2018-10-01,"SA",1640
2018-11-01,"SA",1522
2018-12-01,"SA",1547
2019-01-01,"SA",1561
2019-02-01,"SA",1417
2019-03-01,"SA",1636
2019-04-01,"SA",1570
2019-05-01,"SA",1562
2019-06-01,"SA",1498
2019-07-01,"SA",1565
2019-08-01,"SA",1608
2019-09-01,"SA",1591
2019-10-01,"SA",1693
2019-11-01,"SA",1423
2019-12-01,"SA",1469
2020-01-01,"SA",1571
2020-02-01,"SA",1403
2020-03-01,"SA",1608
2020-04-01,"SA",1523
2020-05-01,"SA",1542
2020-06-01,"SA",1487
2020-07-01,"SA",1525
2020-08-01,"SA",1501
2020-09-01,"SA",1475
2020-10-01,"SA",1513
2020-11-01,"SA",1436
2020-12-01,"SA",1455
2021-01-01,"SA",1696
2021-02-01,"SA",1582
2021-03-01,"SA",1735
2021-04-01,"SA",1621
2021-05-01,"SA",1678
2021-06-01,"SA",1573
2021-07-01,"SA",1548
2021-08-01,"SA",1589
2021-09-01,"SA",1559
2021-10-01,"SA",1626
2021-11-01,"SA",1521
2021-12-01,"SA",1577
1975-01-01,"TAS",616
1975-02-01,"TAS",536
1975-03-01,"TAS",589
1975-04-01,"TAS",521
1975-05-01,"TAS",614
1975-06-01,"TAS",538
1975-07-01,"TAS",554
1975-08-01,"TAS",639
1975-09-01,"TAS",637
1975-10-01,"TAS",609
1975-11-01,"TAS",555
1975-12-01,"TAS",551
1976-01-01,"TAS",546
1976-02-01,"TAS",527
1976-03-01,"TAS",618
1976-04-01,"TAS",505
1976-05-01,"TAS",588
1976-06-01,"TAS",560
1976-07-01,"TAS",569
1976-08-01,"TAS",536
1976-09-01,"TAS",590
1976-10-01,"TAS",615
1976-11-01,"TAS",547
1976-12-01,"TAS",602
1977-01-01,"TAS",503
1977-02-01,"TAS",508
1977-03-01,"TAS",580
1977-04-01,"TAS",533
1977-05-01,"TAS",597
1977-06-01,"TAS",553
1977-07-01,"TAS",560
1977-08-01,"TAS",577
1977-09-01,"TAS",574
1977-10-01,"TAS",621
1977-11-01,"TAS",612
1977-12-01,"TAS",552
1978-01-01,"TAS",592
1978-02-01,"TAS",502
1978-03-01,"TAS",544
1978-04-01,"TAS",585
1978-05-01,"TAS",527
1978-06-01,"TAS",513
1978-07-01,"TAS",579
1978-08-01,"TAS",622
1978-09-01,"TAS",641
1978-10-01,"TAS",633
1978-11-01,"TAS",585
1978-12-01,"TAS",559
1979-01-01,"TAS",553
1979-02-01,"TAS",493
1979-03-01,"TAS",609
1979-04-01,"TAS",572
1979-05-01,"TAS",584
1979-06-01,"TAS",558
1979-07-01,"TAS",578
1979-08-01,"TAS",606
1979-09-01,"TAS",573
1979-10-01,"TAS",608
1979-11-01,"TAS",522
1979-12-01,"TAS",562
1980-01-01,"TAS",562
1980-02-01,"TAS",530
1980-03-01,"TAS",545
1980-04-01,"TAS",540
1980-05-01,"TAS",570
1980-06-01,"TAS",558
1980-07-01,"TAS",552
1980-08-01,"TAS",593
1980-09-01,"TAS",597
1980-10-01,"TAS",648
1980-11-01,"TAS",546
1980-12-01,"TAS",583
1981-01-01,"TAS",608
1981-02-01,"TAS",552
1981-03-01,"TAS",612
1981-04-01,"TAS",563
1981-05-01,"TAS",661
1981-06-01,"TAS",575
1981-07-01,"TAS",597
1981-08-01,"TAS",611
1981-09-01,"TAS",645
1981-10-01,"TAS",625
1981-11-01,"TAS",596
1981-12-01,"TAS",603
1982-01-01,"TAS",609
1982-02-01,"TAS",538
1982-03-01,"TAS",607
1982-04-01,"TAS",569
1982-05-01,"TAS",571
1982-06-01,"TAS",576
1982-07-01,"TAS",588
1982-08-01,"TAS",635
1982-09-01,"TAS",621
1982-10-01,"TAS",577
1982-11-01,"TAS",517
1982-12-01,"TAS",576
1983-01-01,"TAS",601
1983-02-01,"TAS",558
1983-03-01,"TAS",581
1983-04-01,"TAS",589
1983-05-01,"TAS",597
1983-06-01,"TAS",614
1983-07-01,"TAS",616
1983-08-01,"TAS",605
1983-09-01,"TAS",630
1983-10-01,"TAS",621
1983-11-01,"TAS",550
1983-12-01,"TAS",584
1984-01-01,"TAS",565
1984-02-01,"TAS",550
1984-03-01,"TAS",638
1984-04-01,"TAS",588
1984-05-01,"TAS",577
1984-06-01,"TAS",598
1984-07-01,"TAS",640
1984-08-01,"TAS",606
1984-09-01,"TAS",618
1984-10-01,"TAS",633
1984-11-01,"TAS",611
1984-12-01,"TAS",622
1985-01-01,"TAS",617
1985-02-01,"TAS",556
1985-03-01,"TAS",586
1985-04-01,"TAS",624
1985-05-01,"TAS",624
1985-06-01,"TAS",555
1985-07-01,"TAS",616
1985-08-01,"TAS",614
1985-09-01,"TAS",619
1985-10-01,"TAS",612
1985-11-01,"TAS",619
1985-12-01,"TAS",572
1986-01-01,"TAS",550
1986-02-01,"TAS",500
1986-03-01,"TAS",607
1986-04-01,"TAS",595
1986-05-01,"TAS",553
1986-06-01,"TAS",574
1986-07-01,"TAS",617
1986-08-01,"TAS",622
1986-09-01,"TAS",602
1986-10-01,"TAS",640
1986-11-01,"TAS",551
1986-12-01,"TAS",608
1987-01-01,"TAS",566
1987-02-01,"TAS",550
1987-03-01,"TAS",604
1987-04-01,"TAS",558
1987-05-01,"TAS",556
1987-06-01,"TAS",572
1987-07-01,"TAS",576
1987-08-01,"TAS",580
1987-09-01,"TAS",587
1987-10-01,"TAS",561
1987-11-01,"TAS",572
1987-12-01,"TAS",571
1988-01-01,"TAS",537
1988-02-01,"TAS",553
1988-03-01,"TAS",588
1988-04-01,"TAS",561
1988-05-01,"TAS",529
1988-06-01,"TAS",554
1988-07-01,"TAS",569
1988-08-01,"TAS",602
1988-09-01,"TAS",624
1988-10-01,"TAS",615
1988-11-01,"TAS",617
1988-12-01,"TAS",598
1989-01-01,"TAS",548
1989-02-01,"TAS",496
1989-03-01,"TAS",589
1989-04-01,"TAS",572
1989-05-01,"TAS",591
1989-06-01,"TAS",536
1989-07-01,"TAS",595
1989-08-01,"TAS",580
1989-09-01,"TAS",618
1989-10-01,"TAS",600
1989-11-01,"TAS",633
1989-12-01,"TAS",558
1990-01-01,"TAS",587
1990-02-01,"TAS",530
1990-03-01,"TAS",616
1990-04-01,"TAS",569
1990-05-01,"TAS",581
1990-06-01,"TAS",561
1990-07-01,"TAS",594
1990-08-01,"TAS",637
1990-09-01,"TAS",629
1990-10-01,"TAS",658
1990-11-01,"TAS",558
1990-12-01,"TAS",578
1991-01-01,"TAS",606
1991-02-01,"TAS",587
1991-03-01,"TAS",549
1991-04-01,"TAS",579
1991-05-01,"TAS",579
1991-06-01,"TAS",588
1991-07-01,"TAS",595
1991-08-01,"TAS",599
1991-09-01,"TAS",563
1991-10-01,"TAS",592
1991-11-01,"TAS",544
1991-12-01,"TAS",604
1992-01-01,"TAS",604
1992-02-01,"TAS",555
1992-03-01,"TAS",571
1992-04-01,"TAS",591
1992-05-01,"TAS",583
1992-06-01,"TAS",592
1992-07-01,"TAS",590
1992-08-01,"TAS",589
1992-09-01,"TAS",604
1992-10-01,"TAS",620
1992-11-01,"TAS",559
1992-12-01,"TAS",605
1993-01-01,"TAS",546
1993-02-01,"TAS",517
1993-03-01,"TAS",587
1993-04-01,"TAS",580
1993-05-01,"TAS",562
1993-06-01,"TAS",534
1993-07-01,"TAS",586
1993-08-01,"TAS",615
1993-09-01,"TAS",587
1993-10-01,"TAS",644
1993-11-01,"TAS",603
1993-12-01,"TAS",551
1994-01-01,"TAS",532
1994-02-01,"TAS",546
1994-03-01,"TAS",637
1994-04-01,"TAS",523
1994-05-01,"TAS",571
1994-06-01,"TAS",595
1994-07-01,"TAS",587
1994-08-01,"TAS",569
1994-09-01,"TAS",638
1994-10-01,"TAS",634
1994-11-01,"TAS",595
1994-12-01,"TAS",614
1995-01-01,"TAS",551
1995-02-01,"TAS",523
1995-03-01,"TAS",587
1995-04-01,"TAS",582
1995-05-01,"TAS",551
1995-06-01,"TAS",575
1995-07-01,"TAS",599
1995-08-01,"TAS",627
1995-09-01,"TAS",596
1995-10-01,"TAS",583
1995-11-01,"TAS",508
1995-12-01,"TAS",543
1996-01-01,"TAS",575
1996-02-01,"TAS",552
1996-03-01,"TAS",542
1996-04-01,"TAS",496
1996-05-01,"TAS",563
1996-06-01,"TAS",510
1996-07-01,"TAS",572
1996-08-01,"TAS",567
1996-09-01,"TAS",609
1996-10-01,"TAS",575
1996-11-01,"TAS",524
1996-12-01,"TAS",570
1997-01-01,"TAS",528
1997-02-01,"TAS",498
1997-03-01,"TAS",530
1997-04-01,"TAS",516
1997-05-01,"TAS",548
1997-06-01,"TAS",516
1997-07-01,"TAS",562
1997-08-01,"TAS",506
1997-09-01,"TAS",522
1997-10-01,"TAS",555
1997-11-01,"TAS",486
1997-12-01,"TAS",530
1998-01-01,"TAS",528
1998-02-01,"TAS",498
1998-03-01,"TAS",539
1998-04-01,"TAS",496
1998-05-01,"TAS",496
1998-06-01,"TAS",504
1998-07-01,"TAS",569
1998-08-01,"TAS",551
1998-09-01,"TAS",550
1998-10-01,"TAS",592
1998-11-01,"TAS",510
1998-12-01,"TAS",529
1999-01-01,"TAS",521
1999-02-01,"TAS",521
1999-03-01,"TAS",549
1999-04-01,"TAS",490
1999-05-01,"TAS",544
1999-06-01,"TAS",523
1999-07-01,"TAS",507
1999-08-01,"TAS",547
1999-09-01,"TAS",527
1999-10-01,"TAS",489
1999-11-01,"TAS",467
1999-12-01,"TAS",532
2000-01-01,"TAS",522
2000-02-01,"TAS",469
2000-03-01,"TAS",494
2000-04-01,"TAS",477
2000-05-01,"TAS",482
2000-06-01,"TAS",517
2000-07-01,"TAS",475
2000-08-01,"TAS",504
2000-09-01,"TAS",504
2000-10-01,"TAS",543
2000-11-01,"TAS",514
2000-12-01,"TAS",499
2001-01-01,"TAS",512
2001-02-01,"TAS",447
2001-03-01,"TAS",482
2001-04-01,"TAS",427
2001-05-01,"TAS",496
2001-06-01,"TAS",439
2001-07-01,"TAS",443
2001-08-01,"TAS",467
2001-09-01,"TAS",479
2001-10-01,"TAS",494
2001-11-01,"TAS",484
2001-12-01,"TAS",492
2002-01-01,"TAS",514
2002-02-01,"TAS",448
2002-03-01,"TAS",486
2002-04-01,"TAS",454
2002-05-01,"TAS",476
2002-06-01,"TAS",498
2002-07-01,"TAS",488
2002-08-01,"TAS",495
2002-09-01,"TAS",510
2002-10-01,"TAS",505
2002-11-01,"TAS",455
2002-12-01,"TAS",498
2003-01-01,"TAS",460
2003-02-01,"TAS",426
2003-03-01,"TAS",484
2003-04-01,"TAS",410
2003-05-01,"TAS",460
2003-06-01,"TAS",432
2003-07-01,"TAS",500
2003-08-01,"TAS",476
2003-09-01,"TAS",491
2003-10-01,"TAS",520
2003-11-01,"TAS",470
2003-12-01,"TAS",500
2004-01-01,"TAS",464
2004-02-01,"TAS",437
2004-03-01,"TAS",460
2004-04-01,"TAS",433
2004-05-01,"TAS",447
2004-06-01,"TAS",402
2004-07-01,"TAS",519
2004-08-01,"TAS",514
2004-09-01,"TAS",504
2004-10-01,"TAS",476
2004-11-01,"TAS",481
2004-12-01,"TAS",477
2005-01-01,"TAS",506
2005-02-01,"TAS",450
2005-03-01,"TAS",438
2005-04-01,"TAS",491
2005-05-01,"TAS",518
2005-06-01,"TAS",507
2005-07-01,"TAS",533
2005-08-01,"TAS",542
2005-09-01,"TAS",534
2005-10-01,"TAS",559
2005-11-01,"TAS",509
2005-12-01,"TAS",562
2006-01-01,"TAS",562
2006-02-01,"TAS",528
2006-03-01,"TAS",546
2006-04-01,"TAS",450
2006-05-01,"TAS",474
2006-06-01,"TAS",481
2006-07-01,"TAS",575
2006-08-01,"TAS",577
2006-09-01,"TAS",634
2006-10-01,"TAS",550
2006-11-01,"TAS",601
2006-12-01,"TAS",561
2007-01-01,"TAS",553
2007-02-01,"TAS",498
2007-03-01,"TAS",564
2007-04-01,"TAS",495
2007-05-01,"TAS",571
2007-06-01,"TAS",490
2007-07-01,"TAS",598
2007-08-01,"TAS",546
2007-09-01,"TAS",577
2007-10-01,"TAS",544
2007-11-01,"TAS",546
2007-12-01,"TAS",527
2008-01-01,"TAS",559
2008-02-01,"TAS",522
2008-03-01,"TAS",541
2008-04-01,"TAS",534
2008-05-01,"TAS",519
2008-06-01,"TAS",543
2008-07-01,"TAS",571
2008-08-01,"TAS",559
2008-09-01,"TAS",547
2008-10-01,"TAS",576
2008-11-01,"TAS",551
2008-12-01,"TAS",575
2009-01-01,"TAS",522
2009-02-01,"TAS",503
2009-03-01,"TAS",580
2009-04-01,"TAS",524
2009-05-01,"TAS",564
2009-06-01,"TAS",554
2009-07-01,"TAS",512
2009-08-01,"TAS",572
2009-09-01,"TAS",545
2009-10-01,"TAS",625
2009-11-01,"TAS",532
2009-12-01,"TAS",501
2010-01-01,"TAS",533
2010-02-01,"TAS",472
2010-03-01,"TAS",541
2010-04-01,"TAS",498
2010-05-01,"TAS",536
2010-06-01,"TAS",495
2010-07-01,"TAS",490
2010-08-01,"TAS",504
2010-09-01,"TAS",578
2010-10-01,"TAS",564
2010-11-01,"TAS",496
2010-12-01,"TAS",510
2011-01-01,"TAS",545
2011-02-01,"TAS",520
2011-03-01,"TAS",588
2011-04-01,"TAS",503
2011-05-01,"TAS",548
2011-06-01,"TAS",504
2011-07-01,"TAS",541
2011-08-01,"TAS",517
2011-09-01,"TAS",531
2011-10-01,"TAS",547
2011-11-01,"TAS",504
2011-12-01,"TAS",546
2012-01-01,"TAS",533
2012-02-01,"TAS",524
2012-03-01,"TAS",462
2012-04-01,"TAS",479
2012-05-01,"TAS",530
2012-06-01,"TAS",475
2012-07-01,"TAS",509
2012-08-01,"TAS",515
2012-09-01,"TAS",495
2012-10-01,"TAS",521
2012-11-01,"TAS",480
2012-12-01,"TAS",495
2013-01-01,"TAS",524
2013-02-01,"TAS",449
2013-03-01,"TAS",521
2013-04-01,"TAS",460
2013-05-01,"TAS",506
2013-06-01,"TAS",508
2013-07-01,"TAS",502
2013-08-01,"TAS",497
2013-09-01,"TAS",490
2013-10-01,"TAS",531
2013-11-01,"TAS",498
2013-12-01,"TAS",475
2014-01-01,"TAS",517
2014-02-01,"TAS",484
2014-03-01,"TAS",500
2014-04-01,"TAS",484
2014-05-01,"TAS",512
2014-06-01,"TAS",427
2014-07-01,"TAS",482
2014-08-01,"TAS",483
2014-09-01,"TAS",514
2014-10-01,"TAS",508
2014-11-01,"TAS",441
2014-12-01,"TAS",450
2015-01-01,"TAS",483
2015-02-01,"TAS",446
2015-03-01,"TAS",505
2015-04-01,"TAS",474
2015-05-01,"TAS",441
2015-06-01,"TAS",457
2015-07-01,"TAS",498
2015-08-01,"TAS",462
2015-09-01,"TAS",466
2015-10-01,"TAS",500
2015-11-01,"TAS",422
2015-12-01,"TAS",472
2016-01-01,"TAS",477
2016-02-01,"TAS",489
2016-03-01,"TAS",529
2016-04-01,"TAS",511
2016-05-01,"TAS",537
2016-06-01,"TAS",478
2016-07-01,"TAS",485
2016-08-01,"TAS",493
2016-09-01,"TAS",506
2016-10-01,"TAS",457
2016-11-01,"TAS",472
2016-12-01,"TAS",422
2017-01-01,"TAS",471
2017-02-01,"TAS",402
2017-03-01,"TAS",481
2017-04-01,"TAS",463
2017-05-01,"TAS",491
2017-06-01,"TAS",441
2017-07-01,"TAS",429
2017-08-01,"TAS",463
2017-09-01,"TAS",494
2017-10-01,"TAS",458
2017-11-01,"TAS",445
2017-12-01,"TAS",479
2018-01-01,"TAS",460
2018-02-01,"TAS",423
2018-03-01,"TAS",491
2018-04-01,"TAS",400
2018-05-01,"TAS",448
2018-06-01,"TAS",442
2018-07-01,"TAS",431
2018-08-01,"TAS",506
2018-09-01,"TAS",446
2018-10-01,"TAS",501
2018-11-01,"TAS",452
2018-12-01,"TAS",439
2019-01-01,"TAS",487
2019-02-01,"TAS",435
2019-03-01,"TAS",480
2019-04-01,"TAS",463
2019-05-01,"TAS",504
2019-06-01,"TAS",429
2019-07-01,"TAS",502
2019-08-01,"TAS",506
2019-09-01,"TAS",467
2019-10-01,"TAS",460
2019-11-01,"TAS",465
2019-12-01,"TAS",443
2020-01-01,"TAS",474
2020-02-01,"TAS",410
2020-03-01,"TAS",494
2020-04-01,"TAS",470
2020-05-01,"TAS",473
2020-06-01,"TAS",461
2020-07-01,"TAS",509
2020-08-01,"TAS",480
2020-09-01,"TAS",427
2020-10-01,"TAS",443
2020-11-01,"TAS",459
2020-12-01,"TAS",449
2021-01-01,"TAS",489
2021-02-01,"TAS",456
2021-03-01,"TAS",525
2021-04-01,"TAS",474
2021-05-01,"TAS",498
2021-06-01,"TAS",512
2021-07-01,"TAS",492
2021-08-01,"TAS",487
2021-09-01,"TAS",494
2021-10-01,"TAS",478
2021-11-01,"TAS",517
2021-12-01,"TAS",494
1975-01-01,"VIC",5301
1975-02-01,"VIC",4914
1975-03-01,"VIC",5297
1975-04-01,"VIC",5023
1975-05-01,"VIC",5411
1975-06-01,"VIC",5069
1975-07-01,"VIC",5345
1975-08-01,"VIC",5021
1975-09-01,"VIC",5137
1975-10-01,"VIC",5321
1975-11-01,"VIC",4906
1975-12-01,"VIC",5225
1976-01-01,"VIC",5160
1976-02-01,"VIC",4830
1976-03-01,"VIC",5219
1976-04-01,"VIC",4968
1976-05-01,"VIC",5129
1976-06-01,"VIC",4998
1976-07-01,"VIC",4864
1976-08-01,"VIC",4755
1976-09-01,"VIC",4988
1976-10-01,"VIC",5251
1976-11-01,"VIC",4816
1976-12-01,"VIC",4927
1977-01-01,"VIC",4845
1977-02-01,"VIC",4524
1977-03-01,"VIC",5176
1977-04-01,"VIC",4962
1977-05-01,"VIC",5212
1977-06-01,"VIC",5028
1977-07-01,"VIC",4944
1977-08-01,"VIC",5072
1977-09-01,"VIC",5083
1977-10-01,"VIC",5172
1977-11-01,"VIC",4730
1977-12-01,"VIC",4822
1978-01-01,"VIC",4814
1978-02-01,"VIC",4610
1978-03-01,"VIC",5249
1978-04-01,"VIC",4865
1978-05-01,"VIC",4921
1978-06-01,"VIC",4893
1978-07-01,"VIC",4912
1978-08-01,"VIC",5064
1978-09-01,"VIC",4927
1978-10-01,"VIC",5124
1978-11-01,"VIC",4753
1978-12-01,"VIC",4822
1979-01-01,"VIC",4670
1979-02-01,"VIC",4636
1979-03-01,"VIC",5005
1979-04-01,"VIC",4705
1979-05-01,"VIC",4914
1979-06-01,"VIC",4666
1979-07-01,"VIC",4853
1979-08-01,"VIC",4882
1979-09-01,"VIC",4801
1979-10-01,"VIC",5061
1979-11-01,"VIC",4563
1979-12-01,"VIC",4646
1980-01-01,"VIC",4833
1980-02-01,"VIC",4702
1980-03-01,"VIC",4916
1980-04-01,"VIC",4784
1980-05-01,"VIC",4964
1980-06-01,"VIC",4702
1980-07-01,"VIC",4801
1980-08-01,"VIC",4736
1980-09-01,"VIC",4968
1980-10-01,"VIC",5009
1980-11-01,"VIC",4487
1980-12-01,"VIC",5052
1981-01-01,"VIC",4840
1981-02-01,"VIC",4663
1981-03-01,"VIC",5172
1981-04-01,"VIC",4988
1981-05-01,"VIC",5135
1981-06-01,"VIC",4892
1981-07-01,"VIC",5067
1981-08-01,"VIC",4904
1981-09-01,"VIC",5111
1981-10-01,"VIC",5124
1981-11-01,"VIC",4638
1981-12-01,"VIC",5020
1982-01-01,"VIC",4875
1982-02-01,"VIC",4696
1982-03-01,"VIC",5304
1982-04-01,"VIC",4791
1982-05-01,"VIC",4908
1982-06-01,"VIC",4908
1982-07-01,"VIC",4964
1982-08-01,"VIC",4939
1982-09-01,"VIC",5046
1982-10-01,"VIC",5135
1982-11-01,"VIC",4741
1982-12-01,"VIC",4864
1983-01-01,"VIC",4812
1983-02-01,"VIC",4654
1983-03-01,"VIC",5400
1983-04-01,"VIC",4919
1983-05-01,"VIC",5046
1983-06-01,"VIC",5086
1983-07-01,"VIC",5289
1983-08-01,"VIC",5045
1983-09-01,"VIC",5269
1983-10-01,"VIC",5172
1983-11-01,"VIC",4703
1983-12-01,"VIC",4812
1984-01-01,"VIC",4908
1984-02-01,"VIC",4813
1984-03-01,"VIC",5495
1984-04-01,"VIC",4813
1984-05-01,"VIC",5179
1984-06-01,"VIC",4750
1984-07-01,"VIC",4909
1984-08-01,"VIC",5187
1984-09-01,"VIC",5085
1984-10-01,"VIC",5285
1984-11-01,"VIC",4915
1984-12-01,"VIC",4981
1985-01-01,"VIC",5151
1985-02-01,"VIC",4747
1985-03-01,"VIC",5279
1985-04-01,"VIC",5074
1985-05-01,"VIC",5288
1985-06-01,"VIC",4784
1985-07-01,"VIC",5152
1985-08-01,"VIC",5345
1985-09-01,"VIC",5151
1985-10-01,"VIC",5359
1985-11-01,"VIC",4941
1985-12-01,"VIC",4922
1986-01-01,"VIC",4805
1986-02-01,"VIC",4705
1986-03-01,"VIC",5120
1986-04-01,"VIC",5104
1986-05-01,"VIC",4936
1986-06-01,"VIC",4911
1986-07-01,"VIC",5217
1986-08-01,"VIC",5227
1986-09-01,"VIC",5358
1986-10-01,"VIC",5400
1986-11-01,"VIC",4782
1986-12-01,"VIC",5116
1987-01-01,"VIC",4910
1987-02-01,"VIC",4732
1987-03-01,"VIC",5291
1987-04-01,"VIC",5094
1987-05-01,"VIC",5298
1987-06-01,"VIC",4922
1987-07-01,"VIC",5210
1987-08-01,"VIC",5231
1987-09-01,"VIC",5400
1987-10-01,"VIC",5172
1987-11-01,"VIC",4990
1987-12-01,"VIC",4996
1988-01-01,"VIC",5223
1988-02-01,"VIC",4940
1988-03-01,"VIC",5649
1988-04-01,"VIC",5192
1988-05-01,"VIC",5282
1988-06-01,"VIC",5183
1988-07-01,"VIC",5211
1988-08-01,"VIC",5345
1988-09-01,"VIC",5444
1988-10-01,"VIC",5420
1988-11-01,"VIC",5170
1988-12-01,"VIC",5286
1989-01-01,"VIC",5190
1989-02-01,"VIC",4876
1989-03-01,"VIC",5403
1989-04-01,"VIC",5035
1989-05-01,"VIC",5463
1989-06-01,"VIC",5364
1989-07-01,"VIC",5414
1989-08-01,"VIC",5507
1989-09-01,"VIC",5470
1989-10-01,"VIC",5694
1989-11-01,"VIC",5203
1989-12-01,"VIC",5220
1990-01-01,"VIC",5468
1990-02-01,"VIC",5144
1990-03-01,"VIC",5841
1990-04-01,"VIC",5550
1990-05-01,"VIC",5595
1990-06-01,"VIC",5445
1990-07-01,"VIC",5529
1990-08-01,"VIC",5781
1990-09-01,"VIC",5668
1990-10-01,"VIC",5985
1990-11-01,"VIC",5320
1990-12-01,"VIC",5322
1991-01-01,"VIC",5512
1991-02-01,"VIC",4986
1991-03-01,"VIC",5697
1991-04-01,"VIC",5383
1991-05-01,"VIC",5523
1991-06-01,"VIC",5317
1991-07-01,"VIC",5460
1991-08-01,"VIC",5439
1991-09-01,"VIC",5390
1991-10-01,"VIC",5680
1991-11-01,"VIC",5038
1991-12-01,"VIC",5347
1992-01-01,"VIC",5474
1992-02-01,"VIC",5289
1992-03-01,"VIC",5635
1992-04-01,"VIC",5453
1992-05-01,"VIC",5437
1992-06-01,"VIC",5282
1992-07-01,"VIC",5668
1992-08-01,"VIC",5469
1992-09-01,"VIC",5679
1992-10-01,"VIC",5761
1992-11-01,"VIC",5184
1992-12-01,"VIC",5371
1993-01-01,"VIC",5343
1993-02-01,"VIC",5070
1993-03-01,"VIC",5555
1993-04-01,"VIC",5275
1993-05-01,"VIC",5418
1993-06-01,"VIC",5323
1993-07-01,"VIC",5389
1993-08-01,"VIC",5367
1993-09-01,"VIC",5527
1993-10-01,"VIC",5511
1993-11-01,"VIC",5104
1993-12-01,"VIC",5399
1994-01-01,"VIC",5474
1994-02-01,"VIC",5043
1994-03-01,"VIC",5703
1994-04-01,"VIC",5273
1994-05-01,"VIC",5403
1994-06-01,"VIC",5177
1994-07-01,"VIC",5239
1994-08-01,"VIC",5510
1994-09-01,"VIC",5449
1994-10-01,"VIC",5628
1994-11-01,"VIC",5217
1994-12-01,"VIC",5181
1995-01-01,"VIC",5347
1995-02-01,"VIC",4968
1995-03-01,"VIC",5544
1995-04-01,"VIC",5103
1995-05-01,"VIC",5408
1995-06-01,"VIC",5238
1995-07-01,"VIC",5281
1995-08-01,"VIC",5360
1995-09-01,"VIC",5215
1995-10-01,"VIC",5458
1995-11-01,"VIC",4969
1995-12-01,"VIC",5020
1996-01-01,"VIC",5179
1996-02-01,"VIC",4902
1996-03-01,"VIC",5340
1996-04-01,"VIC",4978
1996-05-01,"VIC",5157
1996-06-01,"VIC",4970
1996-07-01,"VIC",5241
1996-08-01,"VIC",5209
1996-09-01,"VIC",5205
1996-10-01,"VIC",5585
1996-11-01,"VIC",5100
1996-12-01,"VIC",5098
1997-01-01,"VIC",5171
1997-02-01,"VIC",4708
1997-03-01,"VIC",5195
1997-04-01,"VIC",4978
1997-05-01,"VIC",5255
1997-06-01,"VIC",4911
1997-07-01,"VIC",5202
1997-08-01,"VIC",5087
1997-09-01,"VIC",5205
1997-10-01,"VIC",5470
1997-11-01,"VIC",4860
1997-12-01,"VIC",5028
1998-01-01,"VIC",4957
1998-02-01,"VIC",4669
1998-03-01,"VIC",5022
1998-04-01,"VIC",4831
1998-05-01,"VIC",4995
1998-06-01,"VIC",5001
1998-07-01,"VIC",5175
1998-08-01,"VIC",5096
1998-09-01,"VIC",5172
1998-10-01,"VIC",5293
1998-11-01,"VIC",4794
1998-12-01,"VIC",4872
1999-01-01,"VIC",5087
1999-02-01,"VIC",4787
1999-03-01,"VIC",5390
1999-04-01,"VIC",4949
1999-05-01,"VIC",5001
1999-06-01,"VIC",4975
1999-07-01,"VIC",5217
1999-08-01,"VIC",5183
1999-09-01,"VIC",5445
1999-10-01,"VIC",5341
1999-11-01,"VIC",4892
1999-12-01,"VIC",4921
2000-01-01,"VIC",5133
2000-02-01,"VIC",4761
2000-03-01,"VIC",5239
2000-04-01,"VIC",4830
2000-05-01,"VIC",5274
2000-06-01,"VIC",4989
2000-07-01,"VIC",5004
2000-08-01,"VIC",5125
2000-09-01,"VIC",5155
2000-10-01,"VIC",5521
2000-11-01,"VIC",4998
2000-12-01,"VIC",4332
2001-01-01,"VIC",4441
2001-02-01,"VIC",4627
2001-03-01,"VIC",5242
2001-04-01,"VIC",4898
2001-05-01,"VIC",4983
2001-06-01,"VIC",4836
2001-07-01,"VIC",5158
2001-08-01,"VIC",5259
2001-09-01,"VIC",5253
2001-10-01,"VIC",5338
2001-11-01,"VIC",4852
2001-12-01,"VIC",4801
2002-01-01,"VIC",5185
2002-02-01,"VIC",4748
2002-03-01,"VIC",5096
2002-04-01,"VIC",4974
2002-05-01,"VIC",5180
2002-06-01,"VIC",4921
2002-07-01,"VIC",5305
2002-08-01,"VIC",5231
2002-09-01,"VIC",5282
2002-10-01,"VIC",5414
2002-11-01,"VIC",4846
2002-12-01,"VIC",5031
2003-01-01,"VIC",4998
2003-02-01,"VIC",4679
2003-03-01,"VIC",4991
2003-04-01,"VIC",4795
2003-05-01,"VIC",4947
2003-06-01,"VIC",5031
2003-07-01,"VIC",5245
2003-08-01,"VIC",5294
2003-09-01,"VIC",5406
2003-10-01,"VIC",5536
2003-11-01,"VIC",4935
2003-12-01,"VIC",5074
2004-01-01,"VIC",5164
2004-02-01,"VIC",4980
2004-03-01,"VIC",5407
2004-04-01,"VIC",5134
2004-05-01,"VIC",4975
2004-06-01,"VIC",4757
2004-07-01,"VIC",5452
2004-08-01,"VIC",5281
2004-09-01,"VIC",5280
2004-10-01,"VIC",5340
2004-11-01,"VIC",5032
2004-12-01,"VIC",5029
2005-01-01,"VIC",5056
2005-02-01,"VIC",4804
2005-03-01,"VIC",5580
2005-04-01,"VIC",5210
2005-05-01,"VIC",5384
2005-06-01,"VIC",5331
2005-07-01,"VIC",5313
2005-08-01,"VIC",5447
2005-09-01,"VIC",5563
2005-10-01,"VIC",5653
2005-11-01,"VIC",5346
2005-12-01,"VIC",5363
2006-01-01,"VIC",5416
2006-02-01,"VIC",5126
2006-03-01,"VIC",5696
2006-04-01,"VIC",5312
2006-05-01,"VIC",5500
2006-06-01,"VIC",5420
2006-07-01,"VIC",5809
2006-08-01,"VIC",5963
2006-09-01,"VIC",5899
2006-10-01,"VIC",6004
2006-11-01,"VIC",5552
2006-12-01,"VIC",5555
2007-01-01,"VIC",5843
2007-02-01,"VIC",5442
2007-03-01,"VIC",6099
2007-04-01,"VIC",5527
2007-05-01,"VIC",5809
2007-06-01,"VIC",5660
2007-07-01,"VIC",5997
2007-08-01,"VIC",6179
2007-09-01,"VIC",5967
2007-10-01,"VIC",6293
2007-11-01,"VIC",5828
2007-12-01,"VIC",5560
2008-01-01,"VIC",5988
2008-02-01,"VIC",5589
2008-03-01,"VIC",5928
2008-04-01,"VIC",5697
2008-05-01,"VIC",5690
2008-06-01,"VIC",5539
2008-07-01,"VIC",6117
2008-08-01,"VIC",6001
2008-09-01,"VIC",6120
2008-10-01,"VIC",6220
2008-11-01,"VIC",5607
2008-12-01,"VIC",5951
2009-01-01,"VIC",5736
2009-02-01,"VIC",5568
2009-03-01,"VIC",6040
2009-04-01,"VIC",5845
2009-05-01,"VIC",5810
2009-06-01,"VIC",5925
2009-07-01,"VIC",6143
2009-08-01,"VIC",6013
2009-09-01,"VIC",6116
2009-10-01,"VIC",6517
2009-11-01,"VIC",5834
2009-12-01,"VIC",6098
2010-01-01,"VIC",6001
2010-02-01,"VIC",5634
2010-03-01,"VIC",6373
2010-04-01,"VIC",5909
2010-05-01,"VIC",6085
2010-06-01,"VIC",6019
2010-07-01,"VIC",6170
2010-08-01,"VIC",6180
2010-09-01,"VIC",6130
2010-10-01,"VIC",6213
2010-11-01,"VIC",5743
2010-12-01,"VIC",5831
2011-01-01,"VIC",5936
2011-02-01,"VIC",5709
2011-03-01,"VIC",6280
2011-04-01,"VIC",5891
2011-05-01,"VIC",6055
2011-06-01,"VIC",5946
2011-07-01,"VIC",6227
2011-08-01,"VIC",6214
2011-09-01,"VIC",6139
2011-10-01,"VIC",6388
2011-11-01,"VIC",5970
2011-12-01,"VIC",6107
2012-01-01,"VIC",6239
2012-02-01,"VIC",6112
2012-03-01,"VIC",6461
2012-04-01,"VIC",6224
2012-05-01,"VIC",6235
2012-06-01,"VIC",6112
2012-07-01,"VIC",6373
2012-08-01,"VIC",6507
2012-09-01,"VIC",6227
2012-10-01,"VIC",6805
2012-11-01,"VIC",6337
2012-12-01,"VIC",6278
2013-01-01,"VIC",6500
2013-02-01,"VIC",5892
2013-03-01,"VIC",6511
2013-04-01,"VIC",6316
2013-05-01,"VIC",6410
2013-06-01,"VIC",6132
2013-07-01,"VIC",6473
2013-08-01,"VIC",6406
2013-09-01,"VIC",6316
2013-10-01,"VIC",6556
2013-11-01,"VIC",6262
2013-12-01,"VIC",6219
2014-01-01,"VIC",6377
2014-02-01,"VIC",6181
2014-03-01,"VIC",6546
2014-04-01,"VIC",6328
2014-05-01,"VIC",6369
2014-06-01,"VIC",6171
2014-07-01,"VIC",6540
2014-08-01,"VIC",6482
2014-09-01,"VIC",6611
2014-10-01,"VIC",6879
2014-11-01,"VIC",6266
2014-12-01,"VIC",6268
2015-01-01,"VIC",6376
2015-02-01,"VIC",5791
2015-03-01,"VIC",6651
2015-04-01,"VIC",6133
2015-05-01,"VIC",6191
2015-06-01,"VIC",6212
2015-07-01,"VIC",6598
2015-08-01,"VIC",6495
2015-09-01,"VIC",6675
2015-10-01,"VIC",6829
2015-11-01,"VIC",6231
2015-12-01,"VIC",6491
2016-01-01,"VIC",6488
2016-02-01,"VIC",6423
2016-03-01,"VIC",6867
2016-04-01,"VIC",6448
2016-05-01,"VIC",6585
2016-06-01,"VIC",6453
2016-07-01,"VIC",6485
2016-08-01,"VIC",6527
2016-09-01,"VIC",6709
2016-10-01,"VIC",6495
2016-11-01,"VIC",6305
2016-12-01,"VIC",6435
2017-01-01,"VIC",6498
2017-02-01,"VIC",6129
2017-03-01,"VIC",6648
2017-04-01,"VIC",6206
2017-05-01,"VIC",6580
2017-06-01,"VIC",6236
2017-07-01,"VIC",6290
2017-08-01,"VIC",6722
2017-09-01,"VIC",6434
2017-10-01,"VIC",6863
2017-11-01,"VIC",6279
2017-12-01,"VIC",6330
2018-01-01,"VIC",6506
2018-02-01,"VIC",6009
2018-03-01,"VIC",6580
2018-04-01,"VIC",6100
2018-05-01,"VIC",6555
2018-06-01,"VIC",6157
2018-07-01,"VIC",6428
2018-08-01,"VIC",6525
2018-09-01,"VIC",6127
2018-10-01,"VIC",6665
2018-11-01,"VIC",6286
2018-12-01,"VIC",6275
2019-01-01,"VIC",6452
2019-02-01,"VIC",6038
2019-03-01,"VIC",6534
2019-04-01,"VIC",6217
2019-05-01,"VIC",6709
2019-06-01,"VIC",6183
2019-07-01,"VIC",6431
2019-08-01,"VIC",6361
2019-09-01,"VIC",6354
2019-10-01,"VIC",6749
2019-11-01,"VIC",6066
2019-12-01,"VIC",5982
2020-01-01,"VIC",6400
2020-02-01,"VIC",5926
2020-03-01,"VIC",6427
2020-04-01,"VIC",6072
2020-05-01,"VIC",6251
2020-06-01,"VIC",6015
2020-07-01,"VIC",6178
2020-08-01,"VIC",6272
2020-09-01,"VIC",6171
2020-10-01,"VIC",6407
2020-11-01,"VIC",5717
2020-12-01,"VIC",5813
2021-01-01,"VIC",6282
2021-02-01,"VIC",6573
2021-03-01,"VIC",7082
2021-04-01,"VIC",6429
2021-05-01,"VIC",6701
2021-06-01,"VIC",6311
2021-07-01,"VIC",6513
2021-08-01,"VIC",6213
2021-09-01,"VIC",6281
2021-10-01,"VIC",6483
2021-11-01,"VIC",5952
2021-12-01,"VIC",6289
1975-01-01,"WA",1705
1975-02-01,"WA",1711
1975-03-01,"WA",1835
1975-04-01,"WA",1679
1975-05-01,"WA",1721
1975-06-01,"WA",1651
1975-07-01,"WA",1773
1975-08-01,"WA",1657
1975-09-01,"WA",1752
1975-10-01,"WA",1698
1975-11-01,"WA",1584
1975-12-01,"WA",1726
1976-01-01,"WA",1679
1976-02-01,"WA",1675
1976-03-01,"WA",1742
1976-04-01,"WA",1764
1976-05-01,"WA",1786
1976-06-01,"WA",1752
1976-07-01,"WA",1826
1976-08-01,"WA",1746
1976-09-01,"WA",1717
1976-10-01,"WA",1695
1976-11-01,"WA",1591
1976-12-01,"WA",1675
1977-01-01,"WA",1670
1977-02-01,"WA",1608
1977-03-01,"WA",1723
1977-04-01,"WA",1645
1977-05-01,"WA",1813
1977-06-01,"WA",1734
1977-07-01,"WA",1801
1977-08-01,"WA",1777
1977-09-01,"WA",1752
1977-10-01,"WA",1756
1977-11-01,"WA",1589
1977-12-01,"WA",1671
1978-01-01,"WA",1751
1978-02-01,"WA",1637
1978-03-01,"WA",1814
1978-04-01,"WA",1757
1978-05-01,"WA",1942
1978-06-01,"WA",1801
1978-07-01,"WA",1721
1978-08-01,"WA",1757
1978-09-01,"WA",1645
1978-10-01,"WA",1611
1978-11-01,"WA",1575
1978-12-01,"WA",1645
1979-01-01,"WA",1778
1979-02-01,"WA",1650
1979-03-01,"WA",1920
1979-04-01,"WA",1829
1979-05-01,"WA",1805
1979-06-01,"WA",1689
1979-07-01,"WA",1720
1979-08-01,"WA",1754
1979-09-01,"WA",1666
1979-10-01,"WA",1768
1979-11-01,"WA",1600
1979-12-01,"WA",1608
1980-01-01,"WA",1656
1980-02-01,"WA",1686
1980-03-01,"WA",1777
1980-04-01,"WA",1723
1980-05-01,"WA",1813
1980-06-01,"WA",1772
1980-07-01,"WA",1801
1980-08-01,"WA",1726
1980-09-01,"WA",1714
1980-10-01,"WA",1695
1980-11-01,"WA",1598
1980-12-01,"WA",1783
1981-01-01,"WA",1802
1981-02-01,"WA",1668
1981-03-01,"WA",1879
1981-04-01,"WA",1864
1981-05-01,"WA",1862
1981-06-01,"WA",1717
1981-07-01,"WA",1955
1981-08-01,"WA",1983
1981-09-01,"WA",1901
1981-10-01,"WA",1902
1981-11-01,"WA",1751
1981-12-01,"WA",1836
1982-01-01,"WA",1726
1982-02-01,"WA",1725
1982-03-01,"WA",2009
1982-04-01,"WA",1861
1982-05-01,"WA",1915
1982-06-01,"WA",1851
1982-07-01,"WA",1887
1982-08-01,"WA",1920
1982-09-01,"WA",1917
1982-10-01,"WA",1876
1982-11-01,"WA",1709
1982-12-01,"WA",1878
1983-01-01,"WA",1880
1983-02-01,"WA",1730
1983-03-01,"WA",2068
1983-04-01,"WA",1954
1983-05-01,"WA",1996
1983-06-01,"WA",1879
1983-07-01,"WA",1956
1983-08-01,"WA",2003
1983-09-01,"WA",1985
1983-10-01,"WA",1880
1983-11-01,"WA",1776
1983-12-01,"WA",1862
1984-01-01,"WA",1853
1984-02-01,"WA",1954
1984-03-01,"WA",1940
1984-04-01,"WA",1937
1984-05-01,"WA",1952
1984-06-01,"WA",1861
1984-07-01,"WA",1981
1984-08-01,"WA",1962
1984-09-01,"WA",1868
1984-10-01,"WA",1868
1984-11-01,"WA",1865
1984-12-01,"WA",1813
1985-01-01,"WA",1964
1985-02-01,"WA",1747
1985-03-01,"WA",2018
1985-04-01,"WA",1953
1985-05-01,"WA",2111
1985-06-01,"WA",1885
1985-07-01,"WA",1984
1985-08-01,"WA",1997
1985-09-01,"WA",1948
1985-10-01,"WA",1984
1985-11-01,"WA",1808
1985-12-01,"WA",1861
1986-01-01,"WA",2004
1986-02-01,"WA",1914
1986-03-01,"WA",2143
1986-04-01,"WA",1957
1986-05-01,"WA",2044
1986-06-01,"WA",1841
1986-07-01,"WA",2040
1986-08-01,"WA",1993
1986-09-01,"WA",2095
1986-10-01,"WA",2071
1986-11-01,"WA",1826
1986-12-01,"WA",1938
1987-01-01,"WA",1950
1987-02-01,"WA",1923
1987-03-01,"WA",2179
1987-04-01,"WA",2065
1987-05-01,"WA",2100
1987-06-01,"WA",2026
1987-07-01,"WA",2178
1987-08-01,"WA",2051
1987-09-01,"WA",1981
1987-10-01,"WA",2080
1987-11-01,"WA",1744
1987-12-01,"WA",1851
1988-01-01,"WA",2013
1988-02-01,"WA",2017
1988-03-01,"WA",2236
1988-04-01,"WA",2084
1988-05-01,"WA",2049
1988-06-01,"WA",2140
1988-07-01,"WA",2125
1988-08-01,"WA",2061
1988-09-01,"WA",2155
1988-10-01,"WA",2137
1988-11-01,"WA",2014
1988-12-01,"WA",2003
1989-01-01,"WA",2068
1989-02-01,"WA",1926
1989-03-01,"WA",2212
1989-04-01,"WA",2077
1989-05-01,"WA",2171
1989-06-01,"WA",2225
1989-07-01,"WA",2128
1989-08-01,"WA",2209
1989-09-01,"WA",2211
1989-10-01,"WA",2121
1989-11-01,"WA",2017
1989-12-01,"WA",2073
1990-01-01,"WA",2046
1990-02-01,"WA",2069
1990-03-01,"WA",2277
1990-04-01,"WA",2217
1990-05-01,"WA",2235
1990-06-01,"WA",2153
1990-07-01,"WA",2248
1990-08-01,"WA",2221
1990-09-01,"WA",2142
1990-10-01,"WA",2238
1990-11-01,"WA",2074
1990-12-01,"WA",1934
1991-01-01,"WA",2165
1991-02-01,"WA",2010
1991-03-01,"WA",2133
1991-04-01,"WA",2193
1991-05-01,"WA",2176
1991-06-01,"WA",1997
1991-07-01,"WA",2083
1991-08-01,"WA",2114
1991-09-01,"WA",2077
1991-10-01,"WA",2064
1991-11-01,"WA",1922
1991-12-01,"WA",1965
1992-01-01,"WA",2018
1992-02-01,"WA",2070
1992-03-01,"WA",2233
1992-04-01,"WA",2135
1992-05-01,"WA",2229
1992-06-01,"WA",2129
1992-07-01,"WA",2122
1992-08-01,"WA",2095
1992-09-01,"WA",2240
1992-10-01,"WA",2159
1992-11-01,"WA",1852
1992-12-01,"WA",1920
1993-01-01,"WA",2089
1993-02-01,"WA",1920
1993-03-01,"WA",2158
1993-04-01,"WA",2136
1993-05-01,"WA",2072
1993-06-01,"WA",2173
1993-07-01,"WA",2146
1993-08-01,"WA",2022
1993-09-01,"WA",2307
1993-10-01,"WA",2136
1993-11-01,"WA",1970
1993-12-01,"WA",2042
1994-01-01,"WA",2115
1994-02-01,"WA",1925
1994-03-01,"WA",2273
1994-04-01,"WA",2060
1994-05-01,"WA",2219
1994-06-01,"WA",2056
1994-07-01,"WA",2150
1994-08-01,"WA",2128
1994-09-01,"WA",2252
1994-10-01,"WA",2034
1994-11-01,"WA",1933
1994-12-01,"WA",2083
1995-01-01,"WA",2101
1995-02-01,"WA",2046
1995-03-01,"WA",2322
1995-04-01,"WA",2090
1995-05-01,"WA",2201
1995-06-01,"WA",2125
1995-07-01,"WA",2147
1995-08-01,"WA",2147
1995-09-01,"WA",2199
1995-10-01,"WA",2087
1995-11-01,"WA",1952
1995-12-01,"WA",1831
1996-01-01,"WA",2027
1996-02-01,"WA",2118
1996-03-01,"WA",2145
1996-04-01,"WA",2147
1996-05-01,"WA",2176
1996-06-01,"WA",2130
1996-07-01,"WA",2151
1996-08-01,"WA",2175
1996-09-01,"WA",2163
1996-10-01,"WA",2177
1996-11-01,"WA",1936
1996-12-01,"WA",1967
1997-01-01,"WA",2216
1997-02-01,"WA",1989
1997-03-01,"WA",2195
1997-04-01,"WA",2041
1997-05-01,"WA",2072
1997-06-01,"WA",2049
1997-07-01,"WA",2151
1997-08-01,"WA",2104
1997-09-01,"WA",2182
1997-10-01,"WA",2161
1997-11-01,"WA",1904
1997-12-01,"WA",2026
1998-01-01,"WA",2061
1998-02-01,"WA",1982
1998-03-01,"WA",2195
1998-04-01,"WA",2173
1998-05-01,"WA",2190
1998-06-01,"WA",2127
1998-07-01,"WA",2134
1998-08-01,"WA",2130
1998-09-01,"WA",2190
1998-10-01,"WA",2261
1998-11-01,"WA",2034
1998-12-01,"WA",2022
1999-01-01,"WA",2153
1999-02-01,"WA",1984
1999-03-01,"WA",2210
1999-04-01,"WA",2173
1999-05-01,"WA",2259
1999-06-01,"WA",2148
1999-07-01,"WA",2174
1999-08-01,"WA",2046
1999-09-01,"WA",2132
1999-10-01,"WA",2123
1999-11-01,"WA",1985
1999-12-01,"WA",2091
2000-01-01,"WA",2122
2000-02-01,"WA",2008
2000-03-01,"WA",2222
2000-04-01,"WA",2075
2000-05-01,"WA",2057
2000-06-01,"WA",2039
2000-07-01,"WA",1964
2000-08-01,"WA",2196
2000-09-01,"WA",2236
2000-10-01,"WA",2109
2000-11-01,"WA",1960
2000-12-01,"WA",1906
2001-01-01,"WA",2145
2001-02-01,"WA",1939
2001-03-01,"WA",2167
2001-04-01,"WA",1999
2001-05-01,"WA",2132
2001-06-01,"WA",2006
2001-07-01,"WA",2097
2001-08-01,"WA",2113
2001-09-01,"WA",2169
2001-10-01,"WA",2137
2001-11-01,"WA",1972
2001-12-01,"WA",1892
2002-01-01,"WA",2144
2002-02-01,"WA",1985
2002-03-01,"WA",2093
2002-04-01,"WA",2066
2002-05-01,"WA",2109
2002-06-01,"WA",1965
2002-07-01,"WA",1972
2002-08-01,"WA",2000
2002-09-01,"WA",2076
2002-10-01,"WA",2145
2002-11-01,"WA",1949
2002-12-01,"WA",1965
2003-01-01,"WA",2058
2003-02-01,"WA",1895
2003-03-01,"WA",2055
2003-04-01,"WA",2030
2003-05-01,"WA",2166
2003-06-01,"WA",1969
2003-07-01,"WA",2059
2003-08-01,"WA",2033
2003-09-01,"WA",1983
2003-10-01,"WA",2170
2003-11-01,"WA",1752
2003-12-01,"WA",1869
2004-01-01,"WA",2144
2004-02-01,"WA",2117
2004-03-01,"WA",2271
2004-04-01,"WA",2137
2004-05-01,"WA",2184
2004-06-01,"WA",2013
2004-07-01,"WA",2227
2004-08-01,"WA",2031
2004-09-01,"WA",2160
2004-10-01,"WA",2026
2004-11-01,"WA",1996
2004-12-01,"WA",2045
2005-01-01,"WA",2192
2005-02-01,"WA",2077
2005-03-01,"WA",2368
2005-04-01,"WA",2245
2005-05-01,"WA",2275
2005-06-01,"WA",2187
2005-07-01,"WA",2136
2005-08-01,"WA",2348
2005-09-01,"WA",2358
2005-10-01,"WA",2326
2005-11-01,"WA",2107
2005-12-01,"WA",2154
2006-01-01,"WA",2379
2006-02-01,"WA",2164
2006-03-01,"WA",2450
2006-04-01,"WA",2348
2006-05-01,"WA",2351
2006-06-01,"WA",2258
2006-07-01,"WA",2370
2006-08-01,"WA",2488
2006-09-01,"WA",2555
2006-10-01,"WA",2413
2006-11-01,"WA",2342
2006-12-01,"WA",2238
2007-01-01,"WA",2517
2007-02-01,"WA",2359
2007-03-01,"WA",2612
2007-04-01,"WA",2360
2007-05-01,"WA",2538
2007-06-01,"WA",2488
2007-07-01,"WA",2525
2007-08-01,"WA",2525
2007-09-01,"WA",2441
2007-10-01,"WA",2513
2007-11-01,"WA",2419
2007-12-01,"WA",2477
2008-01-01,"WA",2686
2008-02-01,"WA",2542
2008-03-01,"WA",2544
2008-04-01,"WA",2510
2008-05-01,"WA",2610
2008-06-01,"WA",2483
2008-07-01,"WA",2521
2008-08-01,"WA",2551
2008-09-01,"WA",2589
2008-10-01,"WA",2599
2008-11-01,"WA",2235
2008-12-01,"WA",2495
2009-01-01,"WA",2491
2009-02-01,"WA",2475
2009-03-01,"WA",2699
2009-04-01,"WA",2672
2009-05-01,"WA",2564
2009-06-01,"WA",2547
2009-07-01,"WA",2578
2009-08-01,"WA",2482
2009-09-01,"WA",2741
2009-10-01,"WA",2660
2009-11-01,"WA",2474
2009-12-01,"WA",2572
2010-01-01,"WA",2618
2010-02-01,"WA",2411
2010-03-01,"WA",2923
2010-04-01,"WA",2559
2010-05-01,"WA",2660
2010-06-01,"WA",2602
2010-07-01,"WA",2576
2010-08-01,"WA",2585
2010-09-01,"WA",2618
2010-10-01,"WA",2569
2010-11-01,"WA",2421
2010-12-01,"WA",2442
2011-01-01,"WA",2640
2011-02-01,"WA",2525
2011-03-01,"WA",2935
2011-04-01,"WA",2641
2011-05-01,"WA",2751
2011-06-01,"WA",2731
2011-07-01,"WA",2581
2011-08-01,"WA",2624
2011-09-01,"WA",2792
2011-10-01,"WA",2564
2011-11-01,"WA",2617
2011-12-01,"WA",2492
2012-01-01,"WA",2746
2012-02-01,"WA",2677
2012-03-01,"WA",2946
2012-04-01,"WA",2680
2012-05-01,"WA",2911
2012-06-01,"WA",2781
2012-07-01,"WA",2772
2012-08-01,"WA",2826
2012-09-01,"WA",2726
2012-10-01,"WA",2928
2012-11-01,"WA",2787
2012-12-01,"WA",2752
2013-01-01,"WA",2937
2013-02-01,"WA",2764
2013-03-01,"WA",2934
2013-04-01,"WA",2824
2013-05-01,"WA",3000
2013-06-01,"WA",2730
2013-07-01,"WA",2849
2013-08-01,"WA",2788
2013-09-01,"WA",2883
2013-10-01,"WA",2920
2013-11-01,"WA",2653
2013-12-01,"WA",2774
2014-01-01,"WA",2910
2014-02-01,"WA",2809
2014-03-01,"WA",3032
2014-04-01,"WA",2982
2014-05-01,"WA",2989
2014-06-01,"WA",2847
2014-07-01,"WA",2849
2014-08-01,"WA",2827
2014-09-01,"WA",3031
2014-10-01,"WA",2978
2014-11-01,"WA",2713
2014-12-01,"WA",2870
2015-01-01,"WA",2960
2015-02-01,"WA",2792
2015-03-01,"WA",2945
2015-04-01,"WA",2867
2015-05-01,"WA",2874
2015-06-01,"WA",2755
2015-07-01,"WA",2947
2015-08-01,"WA",2879
2015-09-01,"WA",3040
2015-10-01,"WA",2952
2015-11-01,"WA",2778
2015-12-01,"WA",2842
2016-01-01,"WA",2944
2016-02-01,"WA",3013
2016-03-01,"WA",3138
2016-04-01,"WA",3002
2016-05-01,"WA",2988
2016-06-01,"WA",2985
2016-07-01,"WA",2868
2016-08-01,"WA",2925
2016-09-01,"WA",3026
2016-10-01,"WA",2957
2016-11-01,"WA",2794
2016-12-01,"WA",2803
2017-01-01,"WA",2824
2017-02-01,"WA",2704
2017-03-01,"WA",3106
2017-04-01,"WA",2742
2017-05-01,"WA",2897
2017-06-01,"WA",2941
2017-07-01,"WA",2758
2017-08-01,"WA",2843
2017-09-01,"WA",2818
2017-10-01,"WA",2836
2017-11-01,"WA",2760
2017-12-01,"WA",2766
2018-01-01,"WA",2878
2018-02-01,"WA",2635
2018-03-01,"WA",2872
2018-04-01,"WA",2747
2018-05-01,"WA",2842
2018-06-01,"WA",2634
2018-07-01,"WA",2736
2018-08-01,"WA",2752
2018-09-01,"WA",2723
2018-10-01,"WA",2817
2018-11-01,"WA",2715
2018-12-01,"WA",2566
2019-01-01,"WA",2763
2019-02-01,"WA",2551
2019-03-01,"WA",2818
2019-04-01,"WA",2699
2019-05-01,"WA",2839
2019-06-01,"WA",2726
2019-07-01,"WA",2794
2019-08-01,"WA",2658
2019-09-01,"WA",2726
2019-10-01,"WA",2906
2019-11-01,"WA",2637
2019-12-01,"WA",2569
2020-01-01,"WA",2746
2020-02-01,"WA",2573
2020-03-01,"WA",2686
2020-04-01,"WA",2590
2020-05-01,"WA",2694
2020-06-01,"WA",2622
2020-07-01,"WA",2663
2020-08-01,"WA",2586
2020-09-01,"WA",2630
2020-10-01,"WA",2624
2020-11-01,"WA",2531
2020-12-01,"WA",2503
2021-01-01,"WA",2782
2021-02-01,"WA",2784
2021-03-01,"WA",3059
2021-04-01,"WA",2874
2021-05-01,"WA",2859
2021-06-01,"WA",2811
2021-07-01,"WA",2727
2021-08-01,"WA",2678
2021-09-01,"WA",2834
2021-10-01,"WA",2837
2021-11-01,"WA",2678
2021-12-01,"WA",2719
