"fecha","Event","Champion","Country","Time"
1897-01-01,"Men's open division","John J. McDermott","United States",10510
1898-01-01,"Men's open division","Ronald J. MacDonald","Canada",9720
1899-01-01,"Men's open division","Lawrence Brignolia","United States",10478
1900-01-01,"Men's open division","John P. Caffery","Canada",9584
1901-01-01,"Men's open division","John P. Caffery","Canada",8963
1902-01-01,"Men's open division","Sammy A. Mellor","United States",9792
1903-01-01,"Men's open division","John C. Lorden","United States",9689
1904-01-01,"Men's open division","Michael Spring","United States",9484
1905-01-01,"Men's open division","Frederick Lorz","United States",9505
1906-01-01,"Men's open division","Timothy Ford","United States",9945
1907-01-01,"Men's open division","Thomas Longboat","Canada",8664
1908-01-01,"Men's open division","Thomas P. Morrissey","United States",8743
1909-01-01,"Men's open division","Henri Renaud","United States",10416
1910-01-01,"Men's open division","Fred L. Cameron","Canada",8932
1911-01-01,"Men's open division","Clarence H. DeMar","United States",8499
1912-01-01,"Men's open division","Michael J. Ryan","United States",8478
1913-01-01,"Men's open division","Fritz Carlson","United States",8714
1914-01-01,"Men's open division","James Duffy","Canada",8701
1915-01-01,"Men's open division","Edouard Fabre","Canada",9101
1916-01-01,"Men's open division","Arthur V. Roth","United States",8836
1917-01-01,"Men's open division","William J. (Bill) Kennedy","United States",8917
1918-01-01,"Men's open division","Camp Devens Divisional Team","United States",8693
1919-01-01,"Men's open division","Carl W. A. Linder","United States",8953
1920-01-01,"Men's open division","Peter Trivoulidas","Greece",8971
1921-01-01,"Men's open division","Frank T. Zuna","United States",8337
1922-01-01,"Men's open division","Clarence H. DeMar","United States",8290
1923-01-01,"Men's open division","Clarence H. DeMar","United States",8627
1924-01-01,"Men's open division","Clarence H. DeMar","United States",8980
1925-01-01,"Men's open division","Charles L. (Chuck) Mellor","United States",9180
1926-01-01,"Men's open division","John C. Miles","Canada",8740
1927-01-01,"Men's open division","Clarence H. DeMar","United States",9622
1928-01-01,"Men's open division","Clarence H. DeMar","United States",9427
1929-01-01,"Men's open division","John C. Miles","Canada",9188
1930-01-01,"Men's open division","Clarence H. DeMar","United States",9288
1931-01-01,"Men's open division","James P. Henigan","United States",10005
1932-01-01,"Men's open division","Paul de Bruyn","Germany",9216
1933-01-01,"Men's open division","Leslie S. Pawson","United States",9061
1934-01-01,"Men's open division","Dave Komonen","Canada",9173
1935-01-01,"Men's open division","John A. Kelley","United States",9127
1936-01-01,"Men's open division","Ellison M. Brown","United States",9220
1937-01-01,"Men's open division","Walter Young","Canada",9200
1938-01-01,"Men's open division","Leslie S. Pawson","United States",9334
1939-01-01,"Men's open division","Ellison M. Brown","United States",8931
1940-01-01,"Men's open division","Gerard Cote","Canada",8908
1941-01-01,"Men's open division","Leslie S. Pawson","United States",9038
1942-01-01,"Men's open division","Bernard Joseph (Joe) Smith","United States",8811
1943-01-01,"Men's open division","Gerard Cote","Canada",8905
1944-01-01,"Men's open division","Gerard Cote","Canada",9110
1945-01-01,"Men's open division","John A. Kelley","United States",9040
1946-01-01,"Men's open division","Stylianos Kyriakides","Greece",8967
1947-01-01,"Men's open division","Yun Bok Suh","Korea",8739
1948-01-01,"Men's open division","Gerard Cote","Canada",9062
1949-01-01,"Men's open division","Karl Gosta Leandersson","Sweden",9110
1950-01-01,"Men's open division","Ki-Yong Ham","Korea",9159
1951-01-01,"Men's open division","Shigeki Tanaka","Japan",8865
1952-01-01,"Men's open division","Doroteo Flores","Guatemala",9113
1953-01-01,"Men's open division","Keizo Yamada","Japan",8331
1954-01-01,"Men's open division","Veikko Karvonen","Finland",8439
1955-01-01,"Men's open division","Hideo Hamamura","Japan",8302
1956-01-01,"Men's open division","Antti Viskari","Finland",8054
1957-01-01,"Men's open division","John J. Kelley","United States",8405
1958-01-01,"Men's open division","Franjo Mihalic","Yugoslavia",8754
1959-01-01,"Men's open division","Eino Oksanen","Finland",8562
1960-01-01,"Men's open division","Paavo Kotila","Finland",8454
1961-01-01,"Men's open division","Eino Oksanen","Finland",8619
1962-01-01,"Men's open division","Eino Oksanen","Finland",8628
1963-01-01,"Men's open division","Aurele Vandendriessche","Belgium",8338
1964-01-01,"Men's open division","Aurele Vandendriessche","Belgium",8399
1965-01-01,"Men's open division","Morio Shigematsu","Japan",8193
1966-01-01,"Men's open division","Kenji Kimihara","Japan",8231
1967-01-01,"Men's open division","David C. McKenzie","New Zealand",8145
1968-01-01,"Men's open division","Amby Burfoot","United States",8537
1969-01-01,"Men's open division","Yoshiaki Unetani","Japan",8029
1970-01-01,"Men's open division","Ron Hill","England",7830
1971-01-01,"Men's open division","Alvaro Mejia","Colombia",8325
1972-01-01,"Men's open division","Olavi Suomalainen","Finland",8139
1973-01-01,"Men's open division","Jon Anderson","United States",8163
1974-01-01,"Men's open division","Neil Cusack","Ireland",8019
1975-01-01,"Men's open division","Bill Rodgers","United States",7795
1976-01-01,"Men's open division","Jack Fultz","United States",8419
1977-01-01,"Men's open division","Jerome Drayton","Canada",8086
1978-01-01,"Men's open division","Bill Rodgers","United States",7813
1979-01-01,"Men's open division","Bill Rodgers","United States",7767
1980-01-01,"Men's open division","Bill Rodgers","United States",7931
1981-01-01,"Men's open division","Toshihiko Seko","Japan",7766
1982-01-01,"Men's open division","Alberto Salazar","United States",7732
1983-01-01,"Men's open division","Greg A. Meyer","United States",7740
1984-01-01,"Men's open division","Geoff Smith","England",7834
1985-01-01,"Men's open division","Geoff Smith","England",8045
1986-01-01,"Men's open division","Robert de Castella","Australia",7671
1987-01-01,"Men's open division","Toshihiko Seko","Japan",7910
1988-01-01,"Men's open division","Ibrahim Hussein","Kenya",7723
1989-01-01,"Men's open division","Abebe Mekonnen","Ethiopia",7746
1990-01-01,"Men's open division","Gelindo Bordin","Italy",7699
1991-01-01,"Men's open division","Ibrahim Hussein","Kenya",7866
1992-01-01,"Men's open division","Ibrahim Hussein","Kenya",7694
1993-01-01,"Men's open division","Cosmas Ndeti","Kenya",7773
1994-01-01,"Men's open division","Cosmas Ndeti","Kenya",7635
1995-01-01,"Men's open division","Cosmas Ndeti","Kenya",7762
1996-01-01,"Men's open division","Moses Tanui","Kenya",7755
1997-01-01,"Men's open division","Lameck Aguta","Kenya",7834
1998-01-01,"Men's open division","Moses Tanui","Kenya",7654
1999-01-01,"Men's open division","Joseph Chebet","Kenya",7792
2000-01-01,"Men's open division","Elijah Lagat","Kenya",7787
2001-01-01,"Men's open division","Lee Bong-Ju","South Korea",7783
2002-01-01,"Men's open division","Rodgers Rop","Kenya",7742
2003-01-01,"Men's open division","Robert Kipkoech Cheruiyot","Kenya",7811
2004-01-01,"Men's open division","Timothy Cherigat","Kenya",7837
2005-01-01,"Men's open division","Hailu Negussie","Ethiopia",7905
2006-01-01,"Men's open division","Robert Kipkoech Cheruiyot","Kenya",7634
2007-01-01,"Men's open division","Robert Kipkoech Cheruiyot","Kenya",8053
2008-01-01,"Men's open division","Robert Kipkoech Cheruiyot","Kenya",7666
2009-01-01,"Men's open division","Deriba Merga","Ethiopia",7722
2010-01-01,"Men's open division","Robert Kiprono Cheruiyot","Kenya",7552
2011-01-01,"Men's open division","Geoffrey Mutai","Kenya",7382
2012-01-01,"Men's open division","Wesley Korir","Kenya",7960
2013-01-01,"Men's open division","Lelisa Desisa","Ethiopia",7822
2014-01-01,"Men's open division","Mebrahtom ""Meb"" Keflezighi","United States",7717
2015-01-01,"Men's open division","Lelisa Desisa","Ethiopia",7757
2016-01-01,"Men's open division","Lemi Berhanu","Ethiopia",7965
2017-01-01,"Men's open division","Geoffrey Kirui","Kenya",7777
2018-01-01,"Men's open division","Yuki Kawauchi","Japan",8158
2019-01-01,"Men's open division","Lawrence Cherono","Kenya",7677
1975-01-01,"Men's wheelchair","Robert Hall","United States",10680
1976-01-01,"Men's wheelchair","No Contestants","",
1977-01-01,"Men's wheelchair","Robert Hall","United States",9618
1978-01-01,"Men's wheelchair","George Murray","United States",8817
1979-01-01,"Men's wheelchair","Kenneth Archer","United States",9539
1980-01-01,"Men's wheelchair","Curt Brinkman","United States",6900
1981-01-01,"Men's wheelchair","Jim Martinson","United States",7241
1982-01-01,"Men's wheelchair","Jim Knaub","United States",6691
1983-01-01,"Men's wheelchair","Jim Knaub","United States",6430
1984-01-01,"Men's wheelchair","Andre Viger","Canada",7520
1985-01-01,"Men's wheelchair","George Murray","United States",6334
1986-01-01,"Men's wheelchair","Andre Viger","Canada",6205
1987-01-01,"Men's wheelchair","Andre Viger","Canada",6942
1988-01-01,"Men's wheelchair","Mustapha Badid","France",6199
1989-01-01,"Men's wheelchair","Philippe Couprie","France",5764
1990-01-01,"Men's wheelchair","Mustapha Badid","France",5393
1991-01-01,"Men's wheelchair","Jim Knaub","United States",5444
1992-01-01,"Men's wheelchair","Jim Knaub","United States",5188
1993-01-01,"Men's wheelchair","Jim Knaub","United States",4937
1994-01-01,"Men's wheelchair","Heinz Frei","Switzerland",4883
1995-01-01,"Men's wheelchair","Franz Nietlispach","Switzerland",5159
1996-01-01,"Men's wheelchair","Heinz Frei","Switzerland",5414
1997-01-01,"Men's wheelchair","Franz Nietlispach","Switzerland",5294
1998-01-01,"Men's wheelchair","Franz Nietlispach","Switzerland",4912
1999-01-01,"Men's wheelchair","Franz Nietlispach","Switzerland",4896
2000-01-01,"Men's wheelchair","Franz Nietlispach","Switzerland",5612
2001-01-01,"Men's wheelchair","Ernst Van Dyk","South Africa",5112
2002-01-01,"Men's wheelchair","Ernst Van Dyk","South Africa",4999
2003-01-01,"Men's wheelchair","Ernst Van Dyk","South Africa",5312
2004-01-01,"Men's wheelchair","Ernst Van Dyk","South Africa",4707
2005-01-01,"Men's wheelchair","Ernst Van Dyk","South Africa",5051
2006-01-01,"Men's wheelchair","Ernst Van Dyk","South Africa",5129
2007-01-01,"Men's wheelchair","Masazumi Soejima","Japan",5356
2008-01-01,"Men's wheelchair","Ernst Van Dyk","South Africa",5209
2009-01-01,"Men's wheelchair","Ernst Van Dyk","South Africa",5609
2010-01-01,"Men's wheelchair","Ernst Van Dyk","South Africa",5213
2011-01-01,"Men's wheelchair","Masazumi Soejima","Japan",4730
2012-01-01,"Men's wheelchair","Joshua Cassidy","Canada",4705
2013-01-01,"Men's wheelchair","Hiroyuki Yamamoto","Japan",5065
2014-01-01,"Men's wheelchair","Ernst Van Dyk","South Africa",4836
2015-01-01,"Men's wheelchair","Marcel Hug","Switzerland",5393
2016-01-01,"Men's wheelchair","Marcel Hug","Switzerland",5046
2017-01-01,"Men's wheelchair","Marcel Hug","Switzerland",4684
2018-01-01,"Men's wheelchair","Marcel Hug","Switzerland",6386
2019-01-01,"Men's wheelchair","Daniel Romanchuk","United States",4896
1972-01-01,"Women's open champion","Nina Kuscsik","United States",11426
1973-01-01,"Women's open champion","Jacqueline A. Hansen","United States",11159
1974-01-01,"Women's open champion","Michiko (Miki) Gorman","United States",10031
1975-01-01,"Women's open champion","Liane Winter","Germany",9744
1976-01-01,"Women's open champion","Kim Merritt","United States",10030
1977-01-01,"Women's open champion","Michiko (Miki) Gorman","United States",10113
1978-01-01,"Women's open champion","Gayle S. Barron","United States",9892
1979-01-01,"Women's open champion","Joan Benoit","United States",9315
1980-01-01,"Women's open champion","Jacqueline Gareau","Canada",9268
1981-01-01,"Women's open champion","Allison Roe","New Zealand",8806
1982-01-01,"Women's open champion","Charlotte Teske","Germany",8973
1983-01-01,"Women's open champion","Joan Benoit","United States",8563
1984-01-01,"Women's open champion","Lorraine Moller","New Zealand",8968
1985-01-01,"Women's open champion","Lisa Larsen-Weidenbach","United States",9246
1986-01-01,"Women's open champion","Ingrid Kristiansen","Norway",8695
1987-01-01,"Women's open champion","Rosa Mota","Portugal",8721
1988-01-01,"Women's open champion","Rosa Mota","Portugal",8670
1989-01-01,"Women's open champion","Ingrid Kristiansen","Norway",8673
1990-01-01,"Women's open champion","Rosa Mota","Portugal",8724
1991-01-01,"Women's open champion","Wanda Panfil","Poland",8658
1992-01-01,"Women's open champion","Olga Markova","Comm. Ind. States",8623
1993-01-01,"Women's open champion","Olga Markova","Russia",8727
1994-01-01,"Women's open champion","Uta Pippig","Germany",8505
1995-01-01,"Women's open champion","Uta Pippig","Germany",8711
1996-01-01,"Women's open champion","Uta Pippig","Germany",8832
1997-01-01,"Women's open champion","Fatuma Roba","Ethiopia",8783
1998-01-01,"Women's open champion","Fatuma Roba","Ethiopia",8601
1999-01-01,"Women's open champion","Fatuma Roba","Ethiopia",8605
2000-01-01,"Women's open champion","Catherine Ndereba","Kenya",8771
2001-01-01,"Women's open champion","Catherine Ndereba","Kenya",8633
2002-01-01,"Women's open champion","Margaret Okayo","Kenya",8443
2003-01-01,"Women's open champion","Svetlana Zakharova","Russia",8720
2004-01-01,"Women's open champion","Catherine Ndereba","Kenya",8667
2005-01-01,"Women's open champion","Catherine Ndereba","Kenya",8713
2006-01-01,"Women's open champion","Rita Jeptoo","Kenya",8618
2007-01-01,"Women's open champion","Lidiya Grigoryeva","Russia",8958
2008-01-01,"Women's open champion","Dire Tune","Ethiopia",8725
2009-01-01,"Women's open champion","Salina Kosgei","Kenya",9136
2010-01-01,"Women's open champion","Teyba Erkesso","Ethiopia",8771
2011-01-01,"Women's open champion","Caroline Kilel","Kenya",8556
2012-01-01,"Women's open champion","Sharon Cherop","Kenya",9110
2013-01-01,"Women's open champion","Rita Jeptoo","Kenya",8785
2014-01-01,"Women's open champion","Buzunesh Deba","Ethiopia",8399
2015-01-01,"Women's open champion","Caroline Rotich","Kenya",8695
2016-01-01,"Women's open champion","Atsede Baysa","Ethiopia",8959
2017-01-01,"Women's open champion","Edna Kiplagat","Kenya",8512
2018-01-01,"Women's open champion","Desiree Linden","United States",9594
2019-01-01,"Women's open champion","Worknesh Degefa","Ethiopia",8611
1966-01-01,"Women's pioneer era","Roberta (Bobbi) Gibb","United States",12100
1967-01-01,"Women's pioneer era","Roberta (Bobbi) Gibb","United States",12437
1968-01-01,"Women's pioneer era","Roberta (Bobbi) Gibb","United States",12600
1969-01-01,"Women's pioneer era","Sara Mae Berman","United States",12166
1970-01-01,"Women's pioneer era","Sara Mae Berman","United States",11107
1971-01-01,"Women's pioneer era","Sara Mae Berman","United States",11310
1977-01-01,"Women's wheelchair","Sharon Rahn","United States",13731
1978-01-01,"Women's wheelchair","Susan Shapiro","United States",13955
1979-01-01,"Women's wheelchair","Sheryl Bair","United States",12476
1980-01-01,"Women's wheelchair","Sharon Limpert","United States",10144
1981-01-01,"Women's wheelchair","Candace Cable","United States",9521
1982-01-01,"Women's wheelchair","Candace Cable-Brookes","United States",7963
1983-01-01,"Women's wheelchair","Sherry Ramsey","United States",8827
1984-01-01,"Women's wheelchair","Sherry Ramsey","United States",10611
1985-01-01,"Women's wheelchair","Candace Cable-Brookes","United States",7526
1986-01-01,"Women's wheelchair","Candace Cable-Brookes","United States",7768
1987-01-01,"Women's wheelchair","Candace Cable-Brookes","United States",8395
1988-01-01,"Women's wheelchair","Candace Cable-Brookes","United States",7844
1989-01-01,"Women's wheelchair","Connie Hansen","Denmark",6606
1990-01-01,"Women's wheelchair","Jean Driscoll","United States",6197
1991-01-01,"Women's wheelchair","Jean Driscoll","United States",6162
1992-01-01,"Women's wheelchair","Jean Driscoll","United States",5812
1993-01-01,"Women's wheelchair","Jean Driscoll","United States",5690
1994-01-01,"Women's wheelchair","Jean Driscoll","United States",5662
1995-01-01,"Women's wheelchair","Jean Driscoll","United States",6042
1996-01-01,"Women's wheelchair","Jean Driscoll","United States",6776
1997-01-01,"Women's wheelchair","Louise Sauvage","Australia",6868
1998-01-01,"Women's wheelchair","Louise Sauvage","Australia",6079
1999-01-01,"Women's wheelchair","Louise Sauvage","Australia",6143
2000-01-01,"Women's wheelchair","Jean Driscoll","United States",7252
2001-01-01,"Women's wheelchair","Louise Sauvage","Australia",6834
2002-01-01,"Women's wheelchair","Edith Hunkeler","Switzerland",6357
2003-01-01,"Women's wheelchair","Christina Ripp","United States",6887
2004-01-01,"Women's wheelchair","Cheri Blauwet","United States",5993
2005-01-01,"Women's wheelchair","Cheri Blauwet","United States",6465
2006-01-01,"Women's wheelchair","Edith Hunkeler","Switzerland",6222
2007-01-01,"Women's wheelchair","Wakako Tsuchida","Japan",6810
2008-01-01,"Women's wheelchair","Wakako Tsuchida","Japan",6512
2009-01-01,"Women's wheelchair","Wakako Tsuchida","Japan",6877
2010-01-01,"Women's wheelchair","Wakako Tsuchida","Japan",6212
2011-01-01,"Women's wheelchair","Wakako Tsuchida","Japan",5646
2012-01-01,"Women's wheelchair","Shirley Reilly","United States",5856
2013-01-01,"Women's wheelchair","Tatyana McFadden","United States",6324
2014-01-01,"Women's wheelchair","Tatyana McFadden","United States",5706
2015-01-01,"Women's wheelchair","Tatyana McFadden","United States",6774
2016-01-01,"Women's wheelchair","Tatyana McFadden","United States",6136
2017-01-01,"Women's wheelchair","Manuela Schar","Switzerland",5297
2018-01-01,"Women's wheelchair","Tatyana McFadden","United States",7479
2019-01-01,"Women's wheelchair","Manuela Schar","Switzerland",5659
