"fecha","Pageviews"
2018-01-01,2130
2018-01-02,4070
2018-01-03,6272
2018-01-04,5963
2018-01-05,6340
2018-01-06,4132
2018-01-07,3697
2018-01-08,5918
2018-01-09,7382
2018-01-10,7811
2018-01-11,6655
2018-01-12,6150
2018-01-13,4274
2018-01-14,3505
2018-01-15,5138
2018-01-16,6777
2018-01-17,6995
2018-01-18,6966
2018-01-19,6208
2018-01-20,4247
2018-01-21,4090
2018-01-22,6700
2018-01-23,11584
2018-01-24,11000
2018-01-25,10462
2018-01-26,9644
2018-01-27,7075
2018-01-28,6341
2018-01-29,9223
2018-01-30,12241
2018-01-31,12083
2018-02-01,12550
2018-02-02,11737
2018-02-03,7603
2018-02-04,7074
2018-02-05,10233
2018-02-06,13297
2018-02-07,11817
2018-02-08,12454
2018-02-09,10392
2018-02-10,7812
2018-02-11,6885
2018-02-12,10259
2018-02-13,12534
2018-02-14,11002
2018-02-15,9320
2018-02-16,9334
2018-02-17,7003
2018-02-18,5939
2018-02-19,8687
2018-02-20,12207
2018-02-21,11617
2018-02-22,11891
2018-02-23,10632
2018-02-24,7280
2018-02-25,6225
2018-02-26,9975
2018-02-27,13507
2018-02-28,13148
2018-03-01,11370
2018-03-02,10357
2018-03-03,8297
2018-03-04,6999
2018-03-05,10150
2018-03-06,13981
2018-03-07,12151
2018-03-08,12995
2018-03-09,11350
2018-03-10,7690
2018-03-11,6736
2018-03-12,9168
2018-03-13,13066
2018-03-14,13010
2018-03-15,12645
2018-03-16,12307
2018-03-17,8141
2018-03-18,6276
2018-03-19,10876
2018-03-20,14441
2018-03-21,13677
2018-03-22,13014
2018-03-23,11538
2018-03-24,8253
2018-03-25,6471
2018-03-26,11773
2018-03-27,14157
2018-03-28,13057
2018-03-29,12395
2018-03-30,9418
2018-03-31,6587
2018-04-01,6746
2018-04-02,9081
2018-04-03,13315
2018-04-04,13381
2018-04-05,13365
2018-04-06,13248
2018-04-07,8307
2018-04-08,7815
2018-04-09,11779
2018-04-10,13615
2018-04-11,13729
2018-04-12,14383
2018-04-13,12468
2018-04-14,8209
2018-04-15,8180
2018-04-16,12925
2018-04-17,16427
2018-04-18,15277
2018-04-19,15418
2018-04-20,14055
2018-04-21,7967
2018-04-22,8340
2018-04-23,13346
2018-04-24,15393
2018-04-25,14227
2018-04-26,14423
2018-04-27,11458
2018-04-28,7449
2018-04-29,7012
2018-04-30,9517
2018-05-01,11290
2018-05-02,13271
2018-05-03,13794
2018-05-04,10953
2018-05-05,7796
2018-05-06,6902
2018-05-07,10435
2018-05-08,14346
2018-05-09,12574
2018-05-10,10859
2018-05-11,10495
2018-05-12,6421
2018-05-13,6094
2018-05-14,9978
2018-05-15,11450
2018-05-16,13250
2018-05-17,12797
2018-05-18,11331
2018-05-19,8373
2018-05-20,7378
2018-05-21,10197
2018-05-22,12235
2018-05-23,12694
2018-05-24,12716
2018-05-25,12575
2018-05-26,7651
2018-05-27,7576
2018-05-28,11086
2018-05-29,11021
2018-05-30,11976
2018-05-31,11558
2018-06-01,10850
2018-06-02,8319
2018-06-03,7918
2018-06-04,11044
2018-06-05,15446
2018-06-06,11294
2018-06-07,10113
2018-06-08,9903
2018-06-09,6455
2018-06-10,5934
2018-06-11,8771
2018-06-12,11372
2018-06-13,9986
2018-06-14,9144
2018-06-15,8529
2018-06-16,5242
2018-06-17,4655
2018-06-18,7633
2018-06-19,11198
2018-06-20,12226
2018-06-21,10757
2018-06-22,11133
2018-06-23,6712
2018-06-24,5163
2018-06-25,8618
2018-06-26,10952
2018-06-27,10199
2018-06-28,10494
2018-06-29,9386
2018-06-30,5801
2018-07-01,4518
2018-07-02,6920
2018-07-03,10494
2018-07-04,10268
2018-07-05,8013
2018-07-06,9776
2018-07-07,5132
2018-07-08,4471
2018-07-09,8294
2018-07-10,9848
2018-07-11,10875
2018-07-12,9760
2018-07-13,7990
2018-07-14,5614
2018-07-15,4940
2018-07-16,8121
2018-07-17,9353
2018-07-18,10368
2018-07-19,9718
2018-07-20,9964
2018-07-21,5266
2018-07-22,4485
2018-07-23,8014
2018-07-24,9722
2018-07-25,10779
2018-07-26,9802
2018-07-27,10110
2018-07-28,5352
2018-07-29,4113
2018-07-30,7990
2018-07-31,10255
2018-08-01,9921
2018-08-02,9574
2018-08-03,8731
2018-08-04,6228
2018-08-05,4926
2018-08-06,8503
2018-08-07,12083
2018-08-08,15555
2018-08-09,14817
2018-08-10,13258
2018-08-11,8387
2018-08-12,7234
2018-08-13,12179
2018-08-14,12104
2018-08-15,11922
2018-08-16,12888
2018-08-17,12567
2018-08-18,8488
2018-08-19,6170
2018-08-20,10720
2018-08-21,14063
2018-08-22,13529
2018-08-23,14033
2018-08-24,12579
2018-08-25,8049
2018-08-26,7056
2018-08-27,11385
2018-08-28,14092
2018-08-29,13158
2018-08-30,13292
2018-08-31,12621
2018-09-01,8227
2018-09-02,5574
2018-09-03,10438
2018-09-04,13957
2018-09-05,14530
2018-09-06,14476
2018-09-07,13919
2018-09-08,7839
2018-09-09,6627
2018-09-10,11711
2018-09-11,15984
2018-09-12,25954
2018-09-13,15461
2018-09-14,13882
2018-09-15,8457
2018-09-16,7892
2018-09-17,13584
2018-09-18,17315
2018-09-19,16148
2018-09-20,17582
2018-09-21,15955
2018-09-22,9808
2018-09-23,8496
2018-09-24,12934
2018-09-25,17556
2018-09-26,16428
2018-09-27,17198
2018-09-28,14610
2018-09-29,9701
2018-09-30,7628
2018-10-01,13385
2018-10-02,17292
2018-10-03,15622
2018-10-04,15524
2018-10-05,14702
2018-10-06,10273
2018-10-07,7243
2018-10-08,14007
2018-10-09,17101
2018-10-10,17378
2018-10-11,15869
2018-10-12,14137
2018-10-13,10700
2018-10-14,8561
2018-10-15,13339
2018-10-16,17980
2018-10-17,17490
2018-10-18,16133
2018-10-19,14823
2018-10-20,9930
2018-10-21,9073
2018-10-22,13316
2018-10-23,19367
2018-10-24,18391
2018-10-25,18930
2018-10-26,16523
2018-10-27,11826
2018-10-28,9957
2018-10-29,15937
2018-10-30,20806
2018-10-31,17862
2018-11-01,16070
2018-11-02,16039
2018-11-03,10388
2018-11-04,8643
2018-11-05,13961
2018-11-06,18571
2018-11-07,17149
2018-11-08,16553
2018-11-09,16123
2018-11-10,12528
2018-11-11,9640
2018-11-12,16550
2018-11-13,20161
2018-11-14,18096
2018-11-15,18180
2018-11-16,16382
2018-11-17,11021
2018-11-18,9479
2018-11-19,13672
2018-11-20,18317
2018-11-21,17431
2018-11-22,16367
2018-11-23,12859
2018-11-24,9877
2018-11-25,10346
2018-11-26,16144
2018-11-27,20806
2018-11-28,21365
2018-11-29,18217
2018-11-30,18734
2018-12-01,12066
2018-12-02,10213
2018-12-03,15424
2018-12-04,20527
2018-12-05,19637
2018-12-06,18396
2018-12-07,18011
2018-12-08,12722
2018-12-09,10853
2018-12-10,16157
2018-12-11,20699
2018-12-12,17478
2018-12-13,18034
2018-12-14,14736
2018-12-15,10897
2018-12-16,7833
2018-12-17,13623
2018-12-18,16415
2018-12-19,16812
2018-12-20,15292
2018-12-21,13308
2018-12-22,8230
2018-12-23,5747
2018-12-24,7056
2018-12-25,5933
2018-12-26,7581
2018-12-27,10447
2018-12-28,10627
2018-12-29,7810
2018-12-30,6067
2018-12-31,6908
2019-01-01,5871
2019-01-02,9547
2019-01-03,14858
2019-01-04,14804
2019-01-05,11473
2019-01-06,8506
2019-01-07,13465
2019-01-08,18288
2019-01-09,20438
2019-01-10,18595
2019-01-11,17515
2019-01-12,10716
2019-01-13,8375
2019-01-14,14197
2019-01-15,16712
2019-01-16,16567
2019-01-17,17014
2019-01-18,13845
2019-01-19,8158
2019-01-20,6408
2019-01-21,11136
2019-01-22,14123
2019-01-23,15464
2019-01-24,14983
2019-01-25,16725
2019-01-26,9955
2019-01-27,8013
2019-01-28,12228
2019-01-29,16153
2019-01-30,15812
2019-01-31,14105
2019-02-01,13710
2019-02-02,9439
2019-02-03,7915
2019-02-04,11154
2019-02-05,15750
2019-02-06,15847
2019-02-07,15712
2019-02-08,14762
2019-02-09,10031
2019-02-10,7211
2019-02-11,12181
2019-02-12,16460
2019-02-13,15862
2019-02-14,16167
2019-02-15,13632
2019-02-16,9949
2019-02-17,7490
2019-02-18,11777
2019-02-19,16966
2019-02-20,16217
2019-02-21,14909
2019-02-22,14217
2019-02-23,10774
2019-02-24,7898
2019-02-25,13227
2019-02-26,17479
2019-02-27,17779
2019-02-28,15429
2019-03-01,14603
2019-03-02,11004
2019-03-03,9098
2019-03-04,13096
2019-03-05,17665
2019-03-06,18767
2019-03-07,18614
2019-03-08,17835
2019-03-09,11803
2019-03-10,9442
2019-03-11,14443
2019-03-12,19166
2019-03-13,17412
2019-03-14,16935
2019-03-15,17262
2019-03-16,11984
2019-03-17,9495
2019-03-18,14395
2019-03-19,18204
2019-03-20,19262
2019-03-21,16125
2019-03-22,15156
2019-03-23,11795
2019-03-24,8784
2019-03-25,15556
2019-03-26,19781
2019-03-27,19953
2019-03-28,18347
2019-03-29,17153
2019-03-30,12765
2019-03-31,10250
2019-04-01,17072
2019-04-02,20995
2019-04-03,19450
2019-04-04,17887
2019-04-05,19428
2019-04-06,11404
2019-04-07,10407
2019-04-08,15568
2019-04-09,20644
2019-04-10,21468
2019-04-11,20519
2019-04-12,18990
2019-04-13,12416
2019-04-14,10296
2019-04-15,16490
2019-04-16,19145
2019-04-17,19179
2019-04-18,16343
2019-04-19,13990
2019-04-20,9240
2019-04-21,8136
2019-04-22,12236
2019-04-23,20215
2019-04-24,21786
2019-04-25,18714
2019-04-26,18813
2019-04-27,12720
2019-04-28,12576
2019-04-29,15079
2019-04-30,20035
2019-05-01,16227
2019-05-02,17583
2019-05-03,18358
2019-05-04,12248
2019-05-05,12195
2019-05-06,16920
2019-05-07,20561
2019-05-08,19776
2019-05-09,18354
2019-05-10,19108
2019-05-11,10016
2019-05-12,8227
2019-05-13,14022
2019-05-14,16606
2019-05-15,15962
2019-05-16,14969
2019-05-17,14860
2019-05-18,9439
2019-05-19,9457
2019-05-20,13796
2019-05-21,17925
2019-05-22,18477
2019-05-23,17120
2019-05-24,15920
2019-05-25,9905
2019-05-26,10077
2019-05-27,14505
2019-05-28,15567
2019-05-29,16871
2019-05-30,16032
2019-05-31,15905
2019-06-01,9846
2019-06-02,8365
2019-06-03,16006
2019-06-04,18049
2019-06-05,17240
2019-06-06,17703
2019-06-07,16372
2019-06-08,12363
2019-06-09,12376
2019-06-10,14554
2019-06-11,16335
2019-06-12,16167
2019-06-13,14658
2019-06-14,14350
2019-06-15,9754
2019-06-16,6295
2019-06-17,12869
2019-06-18,15774
2019-06-19,15665
2019-06-20,14616
2019-06-21,13345
2019-06-22,10023
2019-06-23,8530
2019-06-24,14194
2019-06-25,17061
2019-06-26,15822
2019-06-27,15874
2019-06-28,13308
2019-06-29,8044
2019-06-30,5928
2019-07-01,12716
2019-07-02,16912
2019-07-03,15759
2019-07-04,16299
2019-07-05,11090
2019-07-06,8260
2019-07-07,6495
2019-07-08,12666
2019-07-09,16540
2019-07-10,16305
2019-07-11,15681
2019-07-12,15080
2019-07-13,9091
2019-07-14,6303
2019-07-15,13080
2019-07-16,16518
2019-07-17,17999
2019-07-18,17331
2019-07-19,17363
2019-07-20,9650
2019-07-21,8592
2019-07-22,16095
2019-07-23,18117
2019-07-24,18389
2019-07-25,17361
2019-07-26,15902
2019-07-27,9338
2019-07-28,7379
2019-07-29,13357
2019-07-30,18073
2019-07-31,18004
2019-08-01,16157
2019-08-02,15241
2019-08-03,10455
2019-08-04,7912
2019-08-05,13620
2019-08-06,17834
2019-08-07,18680
2019-08-08,16840
2019-08-09,16893
2019-08-10,10738
2019-08-11,8069
2019-08-12,12624
2019-08-13,17703
2019-08-14,17640
2019-08-15,16193
2019-08-16,15682
2019-08-17,11135
2019-08-18,7890
2019-08-19,14174
2019-08-20,18603
2019-08-21,18993
2019-08-22,17879
2019-08-23,15738
2019-08-24,9441
2019-08-25,9039
2019-08-26,16109
2019-08-27,19284
2019-08-28,19314
2019-08-29,18878
2019-08-30,17292
2019-08-31,11660
2019-09-01,8553
2019-09-02,14211
2019-09-03,19230
2019-09-04,21265
2019-09-05,20544
2019-09-06,20990
2019-09-07,12002
2019-09-08,9405
2019-09-09,17296
2019-09-10,20415
2019-09-11,21944
2019-09-12,18952
2019-09-13,18048
2019-09-14,11696
2019-09-15,10215
2019-09-16,18223
2019-09-17,23831
2019-09-18,23541
2019-09-19,22315
2019-09-20,20564
2019-09-21,12795
2019-09-22,12261
2019-09-23,19264
2019-09-24,23612
2019-09-25,22253
2019-09-26,22779
2019-09-27,18841
2019-09-28,12000
2019-09-29,11430
2019-09-30,19076
2019-10-01,22784
2019-10-02,21930
2019-10-03,21022
2019-10-04,20961
2019-10-05,13959
2019-10-06,12522
2019-10-07,21376
2019-10-08,26752
2019-10-09,25700
2019-10-10,23543
2019-10-11,22305
2019-10-12,14337
2019-10-13,11666
2019-10-14,18767
2019-10-15,23489
2019-10-16,25620
2019-10-17,23675
2019-10-18,23557
2019-10-19,14180
2019-10-20,12346
2019-10-21,19644
2019-10-22,27047
2019-10-23,25946
2019-10-24,22358
2019-10-25,23587
2019-10-26,14039
2019-10-27,12240
2019-10-28,17539
2019-10-29,25323
2019-10-30,25711
2019-10-31,23734
2019-11-01,19692
2019-11-02,14053
2019-11-03,12418
2019-11-04,21260
2019-11-05,23484
2019-11-06,23844
2019-11-07,24454
2019-11-08,22042
2019-11-09,14835
2019-11-10,11937
2019-11-11,20566
2019-11-12,27805
2019-11-13,27322
2019-11-14,22607
2019-11-15,20129
2019-11-16,14051
2019-11-17,11907
2019-11-18,17601
2019-11-19,25749
2019-11-20,25707
2019-11-21,22689
2019-11-22,25061
2019-11-23,14444
2019-11-24,11808
2019-11-25,20604
2019-11-26,24925
2019-11-27,23067
2019-11-28,20563
2019-11-29,17068
2019-11-30,13535
2019-12-01,12736
2019-12-02,18533
2019-12-03,23746
2019-12-04,22622
2019-12-05,21724
2019-12-06,20211
2019-12-07,14514
2019-12-08,12720
2019-12-09,21804
2019-12-10,25822
2019-12-11,23780
2019-12-12,22018
2019-12-13,21909
2019-12-14,13277
2019-12-15,10290
2019-12-16,16470
2019-12-17,22903
2019-12-18,22510
2019-12-19,18307
2019-12-20,18107
2019-12-21,9906
2019-12-22,7270
2019-12-23,11622
2019-12-24,12496
2019-12-25,7898
2019-12-26,9126
2019-12-27,11049
2019-12-28,10092
2019-12-29,8927
2019-12-30,12896
2019-12-31,12397
2020-01-01,7241
2020-01-02,10798
2020-01-03,16420
2020-01-04,12152
2020-01-05,10254
2020-01-06,14639
2020-01-07,20765
2020-01-08,20925
2020-01-09,18997
2020-01-10,17494
2020-01-11,12837
2020-01-12,9386
2020-01-13,16324
2020-01-14,23331
2020-01-15,19496
2020-01-16,19146
2020-01-17,19455
2020-01-18,15742
2020-01-19,9765
2020-01-20,15568
2020-01-21,20802
2020-01-22,23278
2020-01-23,20425
2020-01-24,18329
2020-01-25,10810
2020-01-26,8761
2020-01-27,14031
2020-01-28,21695
2020-01-29,22101
2020-01-30,21969
2020-01-31,20173
2020-02-01,13420
2020-02-02,10889
2020-02-03,18437
2020-02-04,25127
2020-02-05,24121
2020-02-06,21884
2020-02-07,19932
2020-02-08,12976
2020-02-09,11179
2020-02-10,20005
2020-02-11,24161
2020-02-12,25453
2020-02-13,23469
2020-02-14,22417
2020-02-15,13793
2020-02-16,12745
2020-02-17,19378
2020-02-18,24904
2020-02-19,24761
2020-02-20,23792
2020-02-21,21606
2020-02-22,14685
2020-02-23,11579
2020-02-24,18860
2020-02-25,25575
2020-02-26,26384
2020-02-27,26094
2020-02-28,24459
2020-02-29,15885
2020-03-01,13016
2020-03-02,21678
2020-03-03,28805
2020-03-04,25950
2020-03-05,26010
2020-03-06,24734
2020-03-07,16073
2020-03-08,14443
2020-03-09,22294
2020-03-10,29038
2020-03-11,28314
2020-03-12,26194
2020-03-13,23473
2020-03-14,17213
2020-03-15,17134
2020-03-16,22404
2020-03-17,21278
2020-03-18,21101
2020-03-19,21716
2020-03-20,19805
2020-03-21,14958
2020-03-22,14963
2020-03-23,21531
2020-03-24,22634
2020-03-25,22329
2020-03-26,23714
2020-03-27,23637
2020-03-28,17508
2020-03-29,17012
2020-03-30,23798
2020-03-31,28579
2020-04-01,29725
2020-04-02,31138
2020-04-03,27397
2020-04-04,20277
2020-04-05,20866
2020-04-06,25804
2020-04-07,28049
2020-04-08,27334
2020-04-09,25572
2020-04-10,24128
2020-04-11,19566
2020-04-12,19795
2020-04-13,26069
2020-04-14,29308
2020-04-15,28367
2020-04-16,28644
2020-04-17,28783
2020-04-18,20997
2020-04-19,21635
2020-04-20,29222
2020-04-21,32660
2020-04-22,32864
2020-04-23,31845
2020-04-24,31448
2020-04-25,24815
2020-04-26,25029
2020-04-27,30917
2020-04-28,32715
2020-04-29,30593
2020-04-30,28440
2020-05-01,26423
2020-05-02,23595
2020-05-03,23060
2020-05-04,29169
2020-05-05,30373
2020-05-06,32334
2020-05-07,30077
2020-05-08,29563
2020-05-09,22045
2020-05-10,23063
2020-05-11,30194
2020-05-12,32617
2020-05-13,32297
2020-05-14,30434
2020-05-15,26388
2020-05-16,20039
2020-05-17,19520
2020-05-18,25486
2020-05-19,28558
2020-05-20,27078
2020-05-21,25578
2020-05-22,24757
2020-05-23,18899
2020-05-24,17933
2020-05-25,23432
2020-05-26,26241
2020-05-27,26580
2020-05-28,25904
2020-05-29,25277
2020-05-30,18321
2020-05-31,18750
2020-06-01,25024
2020-06-02,28404
2020-06-03,28748
2020-06-04,27435
2020-06-05,24290
2020-06-06,18513
2020-06-07,16012
2020-06-08,23066
2020-06-09,25958
2020-06-10,26382
2020-06-11,26879
2020-06-12,26336
2020-06-13,19875
2020-06-14,17993
2020-06-15,23090
2020-06-16,25701
2020-06-17,24681
2020-06-18,25505
2020-06-19,22612
2020-06-20,16455
2020-06-21,15342
2020-06-22,21092
2020-06-23,24657
2020-06-24,23449
2020-06-25,21536
2020-06-26,20460
2020-06-27,16279
2020-06-28,19709
2020-06-29,24662
2020-06-30,27398
2020-07-01,28468
2020-07-02,28678
2020-07-03,21097
2020-07-04,13532
2020-07-05,12692
2020-07-06,18949
2020-07-07,23823
2020-07-08,14356
2020-07-09,19391
2020-07-10,18972
2020-07-11,13354
2020-07-12,11732
2020-07-13,17521
2020-07-14,20189
2020-07-15,20939
2020-07-16,20237
2020-07-17,17769
2020-07-18,13669
2020-07-19,11971
2020-07-20,18295
2020-07-21,20139
2020-07-22,19103
2020-07-23,19577
2020-07-24,18893
2020-07-25,12382
2020-07-26,11413
2020-07-27,16730
2020-07-28,19870
2020-07-29,19997
2020-07-30,19525
2020-07-31,16919
2020-08-01,11073
2020-08-02,10295
2020-08-03,15295
2020-08-04,19133
2020-08-05,19661
2020-08-06,19838
2020-08-07,19098
2020-08-08,12674
2020-08-09,11176
2020-08-10,18901
2020-08-11,19085
2020-08-12,19639
2020-08-13,13235
2020-08-14,14311
2020-08-15,13246
2020-08-16,11775
2020-08-17,17565
2020-08-18,20509
2020-08-19,19700
2020-08-20,19223
2020-08-21,19311
2020-08-22,13539
2020-08-23,12543
2020-08-24,18606
2020-08-25,21003
2020-08-26,21946
2020-08-27,19966
2020-08-28,18203
2020-08-29,14039
2020-08-30,12557
2020-08-31,17860
2020-09-01,20957
2020-09-02,22012
2020-09-03,22214
2020-09-04,22123
2020-09-05,13936
2020-09-06,14057
2020-09-07,18777
2020-09-08,22111
2020-09-09,24311
2020-09-10,24047
2020-09-11,22724
2020-09-12,15672
2020-09-13,13864
2020-09-14,22552
2020-09-15,27262
2020-09-16,24794
2020-09-17,24865
2020-09-18,21880
2020-09-19,16271
2020-09-20,14692
2020-09-21,21964
2020-09-22,26608
2020-09-23,25930
2020-09-24,25660
2020-09-25,24046
2020-09-26,16032
2020-09-27,14920
2020-09-28,22430
2020-09-29,25723
2020-09-30,24726
2020-10-01,23402
2020-10-02,21425
2020-10-03,14962
2020-10-04,13741
2020-10-05,22598
2020-10-06,25934
2020-10-07,25658
2020-10-08,24377
2020-10-09,25323
2020-10-10,17557
2020-10-11,15994
2020-10-12,21626
2020-10-13,25437
2020-10-14,27044
2020-10-15,26540
2020-10-16,24481
2020-10-17,19139
2020-10-18,17356
2020-10-19,22961
2020-10-20,27628
2020-10-21,26894
2020-10-22,27405
2020-10-23,24311
2020-10-24,19173
2020-10-25,15822
2020-10-26,21609
2020-10-27,27672
2020-10-28,26997
2020-10-29,26475
2020-10-30,25257
2020-10-31,18037
2020-11-01,15190
2020-11-02,23445
2020-11-03,26440
2020-11-04,24679
2020-11-05,23878
2020-11-06,23411
2020-11-07,18788
2020-11-08,16463
2020-11-09,25360
2020-11-10,28791
2020-11-11,25274
2020-11-12,26912
2020-11-13,26043
2020-11-14,17791
2020-11-15,15485
2020-11-16,23789
2020-11-17,26931
2020-11-18,27221
2020-11-19,28073
2020-11-20,27446
2020-11-21,18864
2020-11-22,18041
2020-11-23,23970
2020-11-24,28812
2020-11-25,27563
2020-11-26,25866
2020-11-27,21739
2020-11-28,18277
2020-11-29,16897
2020-11-30,24475
2020-12-01,29436
2020-12-02,27437
2020-12-03,29932
2020-12-04,25367
2020-12-05,18112
2020-12-06,15968
2020-12-07,24513
2020-12-08,29793
2020-12-09,28434
2020-12-10,26762
2020-12-11,28269
2020-12-12,21214
2020-12-13,20038
2020-12-14,24272
2020-12-15,27299
2020-12-16,29167
2020-12-17,28028
2020-12-18,25585
2020-12-19,18605
2020-12-20,13915
2020-12-21,19804
2020-12-22,22999
2020-12-23,21604
2020-12-24,18933
2020-12-25,13294
2020-12-26,11870
2020-12-27,15974
2020-12-28,17930
2020-12-29,22063
2020-12-30,21763
2020-12-31,16617
2021-01-01,10031
2021-01-02,12603
2021-01-03,16175
2021-01-04,19637
2021-01-05,23234
2021-01-06,24961
2021-01-07,24432
2021-01-08,24076
2021-01-09,17686
2021-01-10,17232
2021-01-11,23101
2021-01-12,26635
2021-01-13,25448
2021-01-14,27237
2021-01-15,26448
2021-01-16,19405
2021-01-17,17239
2021-01-18,25119
2021-01-19,28344
2021-01-20,28847
2021-01-21,29953
2021-01-22,28276
2021-01-23,18089
2021-01-24,16516
2021-01-25,24963
2021-01-26,27985
2021-01-27,28878
2021-01-28,27609
2021-01-29,26097
2021-01-30,19184
2021-01-31,17460
2021-02-01,23782
2021-02-02,29226
2021-02-03,31719
2021-02-04,29427
2021-02-05,28041
2021-02-06,23378
2021-02-07,21414
2021-02-08,29356
2021-02-09,32806
2021-02-10,32267
2021-02-11,29112
2021-02-12,28505
2021-02-13,23447
2021-02-14,18565
2021-02-15,27288
2021-02-16,34093
2021-02-17,33770
2021-02-18,31131
2021-02-19,31633
2021-02-20,25209
2021-02-21,20335
2021-02-22,31226
2021-02-23,37190
2021-02-24,35850
2021-02-25,35353
2021-02-26,31018
2021-02-27,24428
2021-02-28,20914
2021-03-01,31023
2021-03-02,39597
2021-03-03,40628
2021-03-04,40697
2021-03-05,35542
2021-03-06,25050
2021-03-07,22574
2021-03-08,30557
2021-03-09,37594
2021-03-10,40718
2021-03-11,38662
2021-03-12,36014
2021-03-13,27576
2021-03-14,24317
2021-03-15,35696
2021-03-16,41580
2021-03-17,43304
2021-03-18,41294
2021-03-19,38945
2021-03-20,26470
2021-03-21,25890
2021-03-22,38419
2021-03-23,40513
2021-03-24,41921
2021-03-25,40081
2021-03-26,35506
2021-03-27,27130
2021-03-28,23014
2021-03-29,31637
2021-03-30,39127
2021-03-31,38344
2021-04-01,32481
2021-04-02,29063
2021-04-03,23451
2021-04-04,25152
2021-04-05,30713
2021-04-06,38900
2021-04-07,40107
2021-04-08,40500
2021-04-09,36967
2021-04-10,26710
2021-04-11,25146
2021-04-12,37916
2021-04-13,41185
2021-04-14,39888
2021-04-15,42466
2021-04-16,40655
2021-04-17,25583
2021-04-18,24008
2021-04-19,35065
2021-04-20,38297
2021-04-21,38395
2021-04-22,40415
2021-04-23,38122
2021-04-24,25521
2021-04-25,25360
2021-04-26,35474
2021-04-27,38824
2021-04-28,38999
2021-04-29,42030
2021-04-30,36449
2021-05-01,23983
2021-05-02,23757
2021-05-03,34066
2021-05-04,38190
2021-05-05,49797
2021-05-06,41566
2021-05-07,37910
2021-05-08,26995
2021-05-09,23712
2021-05-10,35055
2021-05-11,40083
2021-05-12,36899
2021-05-13,33966
2021-05-14,31434
2021-05-15,24971
2021-05-16,23791
2021-05-17,32847
2021-05-18,37105
2021-05-19,38259
2021-05-20,35705
2021-05-21,35493
2021-05-22,24107
2021-05-23,21922
2021-05-24,31361
2021-05-25,39140
2021-05-26,37882
2021-05-27,38934
2021-05-28,34715
2021-05-29,27132
2021-05-30,25048
2021-05-31,31420
2021-06-01,37609
2021-06-02,38605
2021-06-03,41760
2021-06-04,39170
2021-06-05,30224
2021-06-06,32314
2021-06-07,42084
2021-06-08,34202
2021-06-09,35203
2021-06-10,34940
2021-06-11,29981
2021-06-12,21156
2021-06-13,19467
2021-06-14,29507
2021-06-15,31889
2021-06-16,32998
2021-06-17,32886
2021-06-18,30525
2021-06-19,20191
2021-06-20,17069
2021-06-21,25901
2021-06-22,30756
2021-06-23,31130
2021-06-24,30092
2021-06-25,27418
2021-06-26,19112
2021-06-27,16507
2021-06-28,27846
2021-06-29,31044
2021-06-30,27677
2021-07-01,27433
2021-07-02,24895
2021-07-03,16946
2021-07-04,15271
2021-07-05,23633
2021-07-06,24705
2021-07-07,27103
2021-07-08,25846
2021-07-09,25296
2021-07-10,17397
2021-07-11,13921
2021-07-12,23656
2021-07-13,30126
2021-07-14,28025
2021-07-15,26275
2021-07-16,24313
2021-07-17,16444
2021-07-18,14945
2021-07-19,24227
2021-07-20,27899
2021-07-21,27852
2021-07-22,26384
2021-07-23,24298
2021-07-24,16966
2021-07-25,14453
2021-07-26,22569
2021-07-27,27629
2021-07-28,28529
2021-07-29,25203
2021-07-30,23413
2021-07-31,14144
2021-08-01,11954
2021-08-02,21725
2021-08-03,24484
2021-08-04,24467
2021-08-05,25924
2021-08-06,24192
2021-08-07,15947
2021-08-08,13986
2021-08-09,22087
2021-08-10,25601
2021-08-11,27047
2021-08-12,26556
2021-08-13,25560
2021-08-14,16578
2021-08-15,13219
2021-08-16,21120
2021-08-17,26898
2021-08-18,26791
2021-08-19,26622
2021-08-20,24799
2021-08-21,17204
2021-08-22,15265
2021-08-23,23332
2021-08-24,27063
2021-08-25,26960
2021-08-26,26645
2021-08-27,23697
2021-08-28,17340
2021-08-29,14167
2021-08-30,21495
2021-08-31,25909
2021-09-01,26197
2021-09-02,25770
2021-09-03,22505
2021-09-04,16447
2021-09-05,14423
2021-09-06,21826
2021-09-07,26030
2021-09-08,28403
2021-09-09,28190
2021-09-10,25306
2021-09-11,19401
2021-09-12,15947
2021-09-13,24717
2021-09-14,29213
2021-09-15,28945
2021-09-16,27128
2021-09-17,25217
2021-09-18,18488
2021-09-19,15882
2021-09-20,23706
2021-09-21,29245
2021-09-22,29268
2021-09-23,29289
2021-09-24,24425
2021-09-25,18183
2021-09-26,16355
2021-09-27,25361
2021-09-28,30381
2021-09-29,31378
2021-09-30,28890
2021-10-01,26271
2021-10-02,18510
2021-10-03,15918
2021-10-04,24426
2021-10-05,32887
2021-10-06,33318
2021-10-07,30972
2021-10-08,30107
2021-10-09,20916
2021-10-10,18189
2021-10-11,26411
2021-10-12,34184
2021-10-13,36852
2021-10-14,38756
2021-10-15,33210
2021-10-16,21395
2021-10-17,20636
2021-10-18,28567
2021-10-19,34211
2021-10-20,34293
2021-10-21,34121
2021-10-22,31573
2021-10-23,24854
2021-10-24,18766
2021-10-25,30017
2021-10-26,33105
2021-10-27,36127
2021-10-28,32118
2021-10-29,31712
2021-10-30,23172
2021-10-31,19948
2021-11-01,24923
2021-11-02,33332
2021-11-03,32954
2021-11-04,30926
2021-11-05,30449
2021-11-06,21121
2021-11-07,18379
2021-11-08,28293
2021-11-09,36863
2021-11-10,34548
2021-11-11,35354
2021-11-12,31213
2021-11-13,22906
2021-11-14,21121
2021-11-15,31577
2021-11-16,38674
2021-11-17,36388
2021-11-18,35443
2021-11-19,33953
2021-11-20,24509
2021-11-21,19960
2021-11-22,31410
2021-11-23,39742
2021-11-24,33096
2021-11-25,31967
2021-11-26,28291
2021-11-27,23089
2021-11-28,21244
2021-11-29,30050
2021-11-30,34668
2021-12-01,33821
2021-12-02,34474
2021-12-03,31661
2021-12-04,22568
2021-12-05,19562
2021-12-06,30452
2021-12-07,35473
2021-12-08,32790
2021-12-09,33528
2021-12-10,30481
2021-12-11,21976
2021-12-12,19055
2021-12-13,30889
2021-12-14,34625
2021-12-15,30917
2021-12-16,30874
2021-12-17,28168
2021-12-18,19518
2021-12-19,16487
2021-12-20,20706
2021-12-21,24239
2021-12-22,24032
2021-12-23,21283
2021-12-24,16333
2021-12-25,9643
2021-12-26,10821
2021-12-27,16681
2021-12-28,21247
2021-12-29,19696
2021-12-30,18357
2021-12-31,15008
2022-01-01,8643
2022-01-02,11831
2022-01-03,18674
2022-01-04,25184
2022-01-05,25761
2022-01-06,23864
2022-01-07,22456
2022-01-08,17662
2022-01-09,14704
2022-01-10,21096
2022-01-11,27461
2022-01-12,29252
2022-01-13,28628
2022-01-14,29374
2022-01-15,21681
2022-01-16,17736
2022-01-17,25378
2022-01-18,29979
2022-01-19,32702
2022-01-20,31497
2022-01-21,32905
2022-01-22,27341
2022-01-23,19672
2022-01-24,27780
2022-01-25,31758
2022-01-26,29425
2022-01-27,32314
2022-01-28,31928
2022-01-29,20742
2022-01-30,15866
2022-01-31,22905
2022-02-01,28494
2022-02-02,28719
2022-02-03,31299
2022-02-04,27912
2022-02-05,21204
2022-02-06,19184
2022-02-07,27619
2022-02-08,33173
2022-02-09,33519
2022-02-10,33257
2022-02-11,33323
2022-02-12,23014
2022-02-13,20097
2022-02-14,29087
2022-02-15,36910
2022-02-16,33756
2022-02-17,33164
2022-02-18,33370
2022-02-19,24670
2022-02-20,21073
2022-02-21,30805
2022-02-22,34323
2022-02-23,34733
2022-02-24,33623
2022-02-25,30304
2022-02-26,19081
2022-02-27,18454
2022-02-28,28467
2022-03-01,34323
2022-03-02,35184
2022-03-03,37371
2022-03-04,35505
2022-03-05,22461
2022-03-06,19405
2022-03-07,31440
2022-03-08,40808
2022-03-09,43456
2022-03-10,43429
2022-03-11,40827
2022-03-12,25939
2022-03-13,21583
2022-03-14,28686
2022-03-15,34109
2022-03-16,35302
2022-03-17,37181
2022-03-18,31511
2022-03-19,22153
2022-03-20,21745
2022-03-21,29475
2022-03-22,35456
2022-03-23,37047
2022-03-24,38336
2022-03-25,34521
2022-03-26,24225
2022-03-27,21915
2022-03-28,31736
2022-03-29,39375
2022-03-30,38993
2022-03-31,39766
2022-04-01,36027
2022-04-02,26074
2022-04-03,27529
2022-04-04,36987
2022-04-05,39430
2022-04-06,42077
2022-04-07,39902
2022-04-08,36858
2022-04-09,26255
2022-04-10,24699
